"","rate_sd1","rate_sd2","rate_sd3","rate_sd4","avg_rate_q1","avg_rate_q2","avg_rate_q3","avg_rate_q4","median_rate_q1","median_rate_q2","median_rate_q3","median_rate_q4","rate_sd_diff_4_1","Runner","difference","Min","Max","Avg","Gen","Age","Australia","Belarus","Belgium","Canada","Denmark","Finland","France","Germany","India","Ireland","Japan","Mexico","NZ","Russia","Singapore","Spain","Sweden","Switzerland","Ukraine","UK","US","Age14_19","Age20_24","Age25_29","Age30_34","Age35_39","Age40_44","Age45_49","Age50_54","Age55_59","Age60_64","Yards","Team","AvgSeconds","MaxSeconds","MinSeconds"
"1",335.583644346594,173.833143861468,194.076396347025,75.7725893322753,39.5,9.19047619047619,-0.952380952380952,-9.88235294117647,-2.5,9,-8,-5,-259.811055014318,"Sabbe Karel",14,"39:41:00","54:34:00","46:08:00","M",30,0,0,1,0,0,0,0,0,0,0,0,0,0,0,0,0,0,0,0,0,0,0,0,0,1,0,0,0,0,0,0,75,"Belgium",2768,3274,2381
"2",134.903260545779,337.69785233798,136.77565188062,175.20767960952,1.47058823529412,0.05,9,18.2105263157895,-21,-50.5,12,18,40.3044190637405,"Geerts Merijn",14,"38:09:00","54:40:00","47:36:00","M",45,0,0,1,0,0,0,0,0,0,0,0,0,0,0,0,0,0,0,0,0,0,0,0,0,0,0,0,1,0,0,0,74,"Belgium",2856,3280,2289
"3",172.856202280007,117.186685669685,128.546394109662,107.838594668143,-7.25,11.0526315789474,-5.78947368421053,-22.6875,6.5,-10,-10,12,-65.0176076118641,"Courtney Dauwalter",32,"44:03:00","55:13:00","50:10:00","F",35,0,0,0,0,0,0,0,0,0,0,0,0,0,0,0,0,0,0,0,0,1,0,0,0,0,1,0,0,0,0,0,68,"United States",3010,3313,2643
"4",109.191269492269,208.468812089567,187.17199770571,277.245344329496,-11.25,11.3684210526316,0.368421052631579,7.46666666666667,3.5,18,14,-7,168.054074837227,"Harvey Lewis",32,"40:03:00","56:37:00","51:43:00","M",44,0,0,0,0,0,0,0,0,0,0,0,0,0,0,0,0,0,0,0,0,1,0,0,0,0,0,1,0,0,0,0,67,"United States",3103,3397,2403
"5",157.208081701867,286.229882702058,231.488166526564,186.295259761283,28.3333333333333,14.3888888888889,3.22222222222222,34.7333333333333,19,63,-26.5,49,29.0871780594155,"Pedro Parra",36,"39:06:00","57:31:00","49:16:00","M",39,0,0,0,0,0,0,0,0,0,0,0,1,0,0,0,0,0,0,0,0,0,0,0,0,0,1,0,0,0,0,0,64,"Mexico",2956,3451,2346
"6",240.291450019307,353.708347047736,322.491019280134,159.123975441916,33.1333333333333,-6.22222222222222,-3.88888888888889,59.8571428571429,8,-24.5,-27,37,-81.1674745773904,"Miguel Lara Viniegra",36,"39:10:00","58:45:00","48:27:00","M",30,0,0,0,0,0,0,0,0,0,0,0,1,0,0,0,0,0,0,0,0,0,0,0,0,1,0,0,0,0,0,0,63,"Mexico",2907,3525,2350
"7",209.510942828376,275.865789512816,205.705868685764,183.456806905604,25.7142857142857,15.9411764705882,0.176470588235294,-7.6,13,26,3,49,-26.0541359227725,"Juan Contreras",36,"39:40:00","57:28:00","49:11:00","M",50,0,0,0,0,0,0,0,0,0,0,0,1,0,0,0,0,0,0,0,0,0,0,0,0,0,0,0,0,1,0,0,61,"Mexico",2951,3448,2380
"8",109.832156330023,268.73282115638,143.304338152525,220.026496338303,-23.4615384615385,8.4375,-5,-28.75,-25,-25,10,14.5,110.19434000828,"Torbjörn Gyllenbring",14,"41:30:00","54:48:00","49:08:00","M",39,0,0,0,0,0,0,0,0,0,0,0,0,0,0,0,0,0,0,0,0,0,0,0,0,0,1,0,0,0,0,0,55,"Sweden",2948,3288,2490
"9",178.7664283288,451.038339094731,121.814596142389,217.125058224727,-2.46153846153846,14.125,3.4375,21.0909090909091,41,36.5,-4.5,21,38.3586298959268,"Anna Carlsson",14,"40:21:00","54:53:00","47:02:00","F",35,0,0,0,0,0,0,0,0,0,0,0,0,0,0,0,0,0,0,0,0,0,0,0,0,0,1,0,0,0,0,0,54,"Sweden",2822,3293,2421
"10",203.549115508377,270.464538649093,135.618582797491,219.592970578005,18.3333333333333,-19.2666666666667,40.6,-70.4545454545455,0,-25,70,-37,16.0438550696288,"Marina Kollassa",18,"38:29:00","54:27:00","47:59:00","F",30,0,0,0,0,0,0,0,1,0,0,0,0,0,0,0,0,0,0,0,0,0,0,0,0,1,0,0,0,0,0,0,51,"Germany",2879,3267,2309
"11",192.020737516456,145.284960612652,113.190008490052,122.046701864071,1.81818181818182,8.78571428571429,11.1428571428571,-15.3076923076923,-27,20.5,35,-53,-69.9740356523848,"Michael Ohler",18,"41:34:00","56:45:00","49:33:00","M",51,0,0,0,0,0,0,0,1,0,0,0,0,0,0,0,0,0,0,0,0,0,0,0,0,0,0,0,0,1,0,0,50,"Germany",2973,3405,2494
"12",99.2325093358568,166.915389502428,218.550984822839,85.9093887588724,41.9090909090909,18.1428571428571,19.9285714285714,-2.61538461538462,51,8.5,11.5,0,-13.3231205769844,"Andreas Loeffler",18,"40:12:00","55:58:00","50:34:00","M",47,0,0,0,0,0,0,0,1,0,0,0,0,0,0,0,0,0,0,0,0,0,0,0,0,0,0,0,1,0,0,0,50,"Germany",3034,3358,2412
"13",95.5288628445018,145.124974562472,172.774514807691,146.544646211772,-23.8181818181818,5.21428571428571,-2.57142857142857,45.3333333333333,-9,9,0,-2.5,51.0157833672699,"Jacob Conrad",32,"46:44:00","56:10:00","50:10:00","M",34,0,0,0,0,0,0,0,0,0,0,0,0,0,0,0,0,0,0,0,0,1,0,0,0,1,0,0,0,0,0,0,49,"United States",3010,3370,2804
"14",48.6396770324206,93.4068555264583,79.8044312851564,61.3388502130138,7.72727272727273,-18.9285714285714,24.8571428571429,13.5,11,-21,12.5,35.5,12.6991731805932,"Munaut Jeremy",14,"46:22:00","56:24:00","51:02:00","M",43,0,0,1,0,0,0,0,0,0,0,0,0,0,0,0,0,0,0,0,0,0,0,0,0,0,0,1,0,0,0,0,49,"Belgium",3062,3384,2782
"15",82.8676930139517,118.226756421996,149.300291101782,79.7067352007573,-20.3636363636364,10.7857142857143,8.5,36.8181818181818,-5,8.5,18,3,-3.16095781319447,"Sarah Moore",32,"48:20:00","58:16:00","52:04:00","F",32,0,0,0,0,0,0,0,0,0,0,0,0,0,0,0,0,0,0,0,0,1,0,0,0,1,0,0,0,0,0,0,48,"United States",3124,3496,2900
"16",105.70740061819,180.001785705428,112.324392857336,67.1926673488599,-27.6363636363636,3.78571428571429,11,33.6363636363636,-8,24,16,32,-38.5147332693302,"Gabe Rainwater",32,"45:41:00","58:41:00","52:32:00","M",32,0,0,0,0,0,0,0,0,0,0,0,0,0,0,0,0,0,0,0,0,1,0,0,0,1,0,0,0,0,0,0,48,"United States",3152,3521,2741
"17",77.0978127269038,65.7917543849907,129.363891729943,116.931010049136,-16.5454545454545,-10.3571428571429,4.64285714285714,-12.8888888888889,-6,10.5,-49,-44,39.8331973222321,"Chris Murphy",22,"42:04:00","48:12:00","45:16:00","M",36,1,0,0,0,0,0,0,0,0,0,0,0,0,0,0,0,0,0,0,0,0,0,0,0,0,1,0,0,0,0,0,46,"Australia",2716,2892,2524
"18",103.728929952501,75.3961333430099,62.6629304863957,77.2593036468748,-1.90909090909091,-0.5,12.7857142857143,-15.3333333333333,-24,1,1.5,-1,-26.4696263056264,"Christian Mauduit",16,"47:41:00","54:31:00","50:06:00","M",45,0,0,0,0,0,0,1,0,0,0,0,0,0,0,0,0,0,0,0,0,0,0,0,0,0,0,0,1,0,0,0,46,"France",3006,3271,2861
"19",227.134223655431,124.656091008988,124.965020746833,182.829677320426,-6.2,-15.8461538461538,2.38461538461538,37.0909090909091,-3,-1,49,-13,-44.3045463350059,"Barry Loveday",22,"41:25:00","51:54:00","45:37:00","M",36,1,0,0,0,0,0,0,0,0,0,0,0,0,0,0,0,0,0,0,0,0,0,0,0,0,1,0,0,0,0,0,45,"Australia",2737,3114,2485
"20",85.0469804807254,84.9391939369963,131.35755666237,41.5193273723762,19.1,-6,3.15384615384615,6.36363636363636,18.5,19,-38,-2,-43.5276531083492,"Valéry Caussarieu",16,"49:52:00","55:23:00","53:25:00","M",49,0,0,0,0,0,0,1,0,0,0,0,0,0,0,0,0,0,0,0,0,0,0,0,0,0,0,0,1,0,0,0,45,"France",3205,3323,2992
"21",58.9358408214673,188.027855274091,198.563236714048,216.422618965763,13.9,-0.846153846153846,6.23076923076923,19,1,22,-19,44,157.486778144296,"Stephanie Simpson",15,"41:54:00","58:59:00","48:24:00","F",34,0,0,0,1,0,0,0,0,0,0,0,0,0,0,0,0,0,0,0,0,0,0,0,0,1,0,0,0,0,0,0,43,"Canada",2904,3539,2514
"22",99.1311701176219,87.9911126048301,114.487654692212,111.857175799221,-19.1,8.53846153846154,-0.615384615384615,16.4444444444444,10.5,8,13,8,12.7260056815989,"Akio UENO",16,"46:52:00","53:10:00","50:10:00","M",48,0,0,0,0,0,0,0,0,0,0,1,0,0,0,0,0,0,0,0,0,0,0,0,0,0,0,0,1,0,0,0,43,"Japan",3010,3190,2812
"23",122.650180051505,63.7913264741637,223.429648194477,79.1729822042287,56.8,6,6.15384615384615,16.1111111111111,1,5,-4,24,-43.4771978472766,"Marco Antonio Zaragoza",36,"42:40:00","58:35:00","53:40:00","M",35,0,0,0,0,0,0,0,0,0,0,0,1,0,0,0,0,0,0,0,0,0,0,0,0,0,1,0,0,0,0,0,43,"Mexico",3220,3515,2560
"24",125.20483217512,80.3746435969288,92.407652510083,170.692386792999,1.33333333333333,-2.41666666666667,10.4166666666667,-30.9090909090909,-21,32,31.5,-6,45.4875546178792,"Ed McGroarty",17,"41:26:00","51:06:00","47:30:00","M",50,0,0,0,0,0,0,0,0,0,1,0,0,0,0,0,0,0,0,0,0,0,0,0,0,0,0,0,0,1,0,0,42,"Ireland",2850,3066,2486
"25",108.535452477264,101.040495931987,82.9250757118628,146.750685301172,-33.2222222222222,-19.5,6.25,14.1818181818182,-15,-22.5,-22.5,-29,38.215232823908,"Shota NOGUCHI",16,"45:22:00","53:10:00","49:00:00","M",35,0,0,0,0,0,0,0,0,0,0,1,0,0,0,0,0,0,0,0,0,0,0,0,0,0,1,0,0,0,0,0,42,"Japan",2940,3190,2722
"26",88.1401976651088,39.665266081716,115.101404567161,55.7249739997492,51.2222222222222,-0.666666666666667,4.16666666666667,11.5454545454545,41,-7.5,3.5,-2,-32.4152236653595,"Matt Shepard",15,"41:58:00","53:00:00","49:50:00","M",33,0,0,0,1,0,0,0,0,0,0,0,0,0,0,0,0,0,0,0,0,0,0,0,0,1,0,0,0,0,0,0,42,"Canada",2990,3180,2518
"27",62.1854305909172,27.0666965218525,42.2532050066422,90.6065977484838,6.55555555555556,-6.33333333333333,7.66666666666667,-42,21,-1.5,-4,-13.5,28.4211671575666,"Andrii Tkachuk ",11,"31:30:00","38:35:00","36:54:00","M",35,0,0,0,0,0,0,0,0,0,0,0,0,0,0,0,0,0,0,1,0,0,0,0,0,0,1,0,0,0,0,0,41,"Ukraine",2214,2315,1890
"28",102.492005108258,56.0686808271514,315.260882829482,505.437808021697,43.1111111111111,-1.33333333333333,-37.1666666666667,53.6,5,-5.5,21.5,78.5,402.945802913439,"Van Meulder Nico",14,"34:43:00","56:32:00","44:34:00","M",44,0,0,1,0,0,0,0,0,0,0,0,0,0,0,0,0,0,0,0,0,0,0,0,0,0,0,1,0,0,0,0,41,"Belgium",2674,3392,2083
"29",55.2474232682193,64.3348249159792,80.8314276563868,116.42074080201,32.4444444444444,-9.33333333333333,10.5833333333333,29.3,32,18,2,13,61.1733175337911,"Eoin Keith",17,"45:23:00","57:21:00","50:10:00","M",52,0,0,0,0,0,0,0,0,0,1,0,0,0,0,0,0,0,0,0,0,0,0,0,0,0,0,0,0,1,0,0,41,"Ireland",3010,3441,2723
"30",71.1947641645398,36.6837425802898,77.8838976628129,40.0494139227474,25.7777777777778,-6.33333333333333,2.08333333333333,12.2,2,0.5,-5.5,17,-31.1453502417924,"Claire Bannwarth",16,"51:37:00","56:44:00","54:52:00","F",31,0,0,0,0,0,0,1,0,0,0,0,0,0,0,0,0,0,0,0,0,0,0,0,0,1,0,0,0,0,0,0,41,"France",3292,3404,3097
"31",68.3741747868139,193.043310417558,200.210949356983,61.5142259969188,35.5555555555556,22.5833333333333,7.66666666666667,-3.33333333333333,29,14,19.5,-20,-6.8599487898951,"Volodymyr Khanas",11,"37:10:00","48:31:00","42:08:00","M",36,0,0,0,0,0,0,0,0,0,0,0,0,0,0,0,0,0,0,1,0,0,0,0,0,0,1,0,0,0,0,0,40,"Ukraine",2528,2911,2230
"32",60.2019748660937,45.1941937810063,91.7088608124381,115.639646219529,8.44444444444444,-1.16666666666667,-10.8333333333333,75.4444444444444,-2,3,-1,68,55.4376713534351,"Chelsey Topping",15,"43:45:00","58:37:00","48:44:00","F",38,0,0,0,1,0,0,0,0,0,0,0,0,0,0,0,0,0,0,0,0,0,0,0,0,0,1,0,0,0,0,0,40,"Canada",2924,3517,2625
"33",98.9037129962493,226.015871660431,153.377406380075,189.142142316301,37.2222222222222,-7.08333333333333,33.9166666666667,49.3333333333333,-4,-11.5,-5.5,74,90.2384293200521,"Kevin Barata",15,"40:40:00","57:58:00","48:52:00","M",42,0,0,0,1,0,0,0,0,0,0,0,0,0,0,0,0,0,0,0,0,0,0,0,0,0,0,1,0,0,0,0,40,"Canada",2932,3478,2440
"34",61.3371828502092,48.9646594881235,80.7200080337564,103.534749936649,16.6666666666667,-7.91666666666667,17.0833333333333,-32.7777777777778,5,-12.5,15,0,42.1975670864398,"Kati Ahokas",23,"46:00:00","51:55:00","49:14:00","F",42,0,0,0,0,0,1,0,0,0,0,0,0,0,0,0,0,0,0,0,0,0,0,0,0,0,0,1,0,0,0,0,40,"Finland",2954,3115,2760
"35",164.984931971916,280.282798205129,124.643096540288,76.5228723977348,16.4444444444444,-1.91666666666667,14.4166666666667,24.3333333333333,-36,-18.5,19,43,-88.4620595741813,"Guillaume Calmettes",16,"44:48:00","55:04:00","50:30:00","M",36,0,0,0,0,0,0,1,0,0,0,0,0,0,0,0,0,0,0,0,0,0,0,0,0,0,1,0,0,0,0,0,40,"France",3030,3304,2688
"36",84.2937983747585,53.6492537156149,21.0100985819734,102.146166280063,30.2222222222222,3.66666666666667,-0.166666666666667,58.875,4,23,-0.5,39,17.8523679053045,"Oleksandr Skorokhod ",11,"41:49:00","55:33:00","47:25:00","M",36,0,0,0,0,0,0,0,0,0,0,0,0,0,0,0,0,0,0,1,0,0,0,0,0,0,1,0,0,0,0,0,39,"Ukraine",2845,3333,2509
"37",118.91009675848,71.567937632502,90.3140564246717,74.4503669759736,18.8888888888889,-14.1666666666667,-5.41666666666667,42.5,45,-20,-7.5,72.5,-44.4597297825065,"Emil Söderlund",23,"44:20:00","51:20:00","47:34:00","M",45,0,0,0,0,0,1,0,0,0,0,0,0,0,0,0,0,0,0,0,0,0,0,0,0,0,0,0,1,0,0,0,39,"Finland",2854,3080,2660
"38",56.5208909263744,202.790681753528,156.679754450106,189.737977221219,8.11111111111111,-8.66666666666667,31,-48.75,-11,-2,32.5,9.5,133.217086294845,"Maggie Guterl",32,"44:02:00","58:10:00","52:22:00","F",40,0,0,0,0,0,0,0,0,0,0,0,0,0,0,0,0,0,0,0,0,1,0,0,0,0,0,1,0,0,0,0,39,"United States",3142,3490,2642
"39",54.9181208709839,57.7572637436324,53.8676126904627,215.445717392705,-1,-1.08333333333333,10.5833333333333,40.5,-13,-4.5,0,36.5,160.527596521721,"Richie Hinson",17,"50:38:00","59:48:00","52:47:00","M",45,0,0,0,0,0,0,0,0,0,0,0,0,0,0,0,0,0,0,0,1,0,0,0,0,0,0,0,1,0,0,0,39,"United Kingdom",3167,3588,3038
"40",117.94808179873,109.557339352782,140.88733947464,64.733887497015,0.333333333333333,-20.5833333333333,-14.1666666666667,32.1428571428571,0,2.5,-5,25,-53.2141943017155,"Stine Rex",22,"41:45:00","48:55:00","45:31:00","F",41,0,0,0,0,1,0,0,0,0,0,0,0,0,0,0,0,0,0,0,0,0,0,0,0,0,0,1,0,0,0,0,38,"Denmark",2731,2935,2505
"41",190.611588781422,278.82462990637,101.010350504742,67.7087600719153,21.5555555555556,-3.41666666666667,29,37.1428571428571,-7,73,2,36,-122.902828709506,"Jean Fanny",14,"39:57:00","56:41:00","49:04:00","F",40,0,0,1,0,0,0,0,0,0,0,0,0,0,0,0,0,0,0,0,0,0,0,0,0,0,0,1,0,0,0,0,38,"Belgium",2944,3401,2397
"42",192.453241074293,204.255187983517,283.731453805862,156.012209534413,-7,27,24.0833333333333,-0.142857142857143,6,39,55,-3,-36.4410315398804,"Viktoriia Nikolaienko ",11,"42:37:00","57:38:00","49:38:00","F",33,0,0,0,0,0,0,0,0,0,0,0,0,0,0,0,0,0,0,1,0,0,0,0,0,1,0,0,0,0,0,0,38,"Ukraine",2978,3458,2557
"43",698.977825113215,575.77222848181,368.555770624482,192.208839794735,25.6666666666667,55.75,33.0833333333333,68.7142857142857,-19,77,-35,127,-506.76898531848,"Matthieu Tharion",16,"36:15:00","58:52:00","51:33:00","M",36,0,0,0,0,0,0,1,0,0,0,0,0,0,0,0,0,0,0,0,0,0,0,0,0,0,1,0,0,0,0,0,38,"France",3093,3532,2175
"44",98.5491980913312,126.067682639369,128.466803871544,187.945787522942,-4.22222222222222,-1.83333333333333,30.0833333333333,-17.5714285714286,14,7,46.5,54,89.3965894316112,"Johnny Breen",17,"48:23:00","57:41:00","52:05:00","M",37,0,0,0,0,0,0,0,0,0,0,0,0,0,0,0,0,0,0,0,1,0,0,0,0,0,1,0,0,0,0,0,38,"United Kingdom",3125,3461,2903
"45",54.0393375236966,139.389225052032,74.3973769495249,58.7330522667725,19,19.0833333333333,2.33333333333333,-0.285714285714286,21,10.5,18,12,4.69371474307592,"Pat Staunton",17,"46:40:00","56:01:00","52:32:00","M",49,0,0,0,0,0,0,0,0,0,1,0,0,0,0,0,0,0,0,0,0,0,0,0,0,0,0,0,1,0,0,0,38,"Ireland",3152,3361,2800
"46",85.615419172016,92.7473596781748,264.798448223962,178.406137786793,-6,4.45454545454545,-5.27272727272727,27,7,21,-4,-38,92.7907186147766,"Dominique Jacquemet",16,"39:56:00","51:13:00","46:53:00","M",58,0,0,0,0,0,0,1,0,0,0,0,0,0,0,0,0,0,0,0,0,0,0,0,0,0,0,0,0,0,1,0,37,"France",2813,3073,2396
"47",141.6232426445,135.408472945582,100.510062815982,80.5193213527729,-22.5,-1.36363636363636,4.54545454545455,16.1111111111111,-30,-30,30,12,-61.1039212917269,"Jakob Larni Nielsen",22,"43:00:00","50:50:00","47:39:00","M",34,0,0,0,0,1,0,0,0,0,0,0,0,0,0,0,0,0,0,0,0,0,0,0,0,1,0,0,0,0,0,0,37,"Denmark",2859,3050,2580
"48",481.00265443283,330.434892500502,156.473233261388,153.593619659151,-58.125,1.72727272727273,-1.45454545454545,44,-66.5,-56,-28,74,-327.409034773679,"Maxime Gauduin",16,"36:31:00","56:06:00","48:49:00","M",33,0,0,0,0,0,0,1,0,0,0,0,0,0,0,0,0,0,0,0,0,0,0,0,0,1,0,0,0,0,0,0,37,"France",2929,3366,2191
"49",80.6881120647362,47.0491039427764,67.0421848201157,110.220738117249,-3.5,-7.27272727272727,7.36363636363636,45.8888888888889,-7.5,-5,-12,55,29.5326260525125,"Mikael Blomqvist",14,"48:29:00","57:00:00","50:44:00","M",44,0,0,0,0,0,0,0,0,0,0,0,0,0,0,0,0,0,0,0,0,0,0,0,0,0,0,1,0,0,0,0,37,"Sweden",3044,3420,2909
"50",221.181849875359,279.016617295947,144.614534664962,144.192579559421,-10.375,-8.45454545454546,48.8181818181818,19.3333333333333,-48.5,-39,29,15,-76.9892703159376,"Johnny Hällneby",14,"46:33:00","59:17:00","54:24:00","M",48,0,0,0,0,0,0,0,0,0,0,0,0,0,0,0,0,0,0,0,0,0,0,0,0,0,0,0,1,0,0,0,37,"Sweden",3264,3557,2793
"51",303.025900590315,89.6279177285941,175.65824256726,440.192956878815,50.875,-34.8181818181818,5.72727272727273,49.125,16,-29,17,-10,137.1670562885,"Steyaert Ivo",14,"34:50:00","52:26:00","41:35:00","M",50,0,0,1,0,0,0,0,0,0,0,0,0,0,0,0,0,0,0,0,0,0,0,0,0,0,0,0,0,1,0,0,36,"Belgium",2495,3146,2090
"52",41.2829954616391,45.4010412375591,86.6664452211623,140.180241118354,-8,4.63636363636364,9.45454545454546,44.75,-13.5,-6,6,18.5,98.8972456567154,"Adela (Del) Salt",15,"42:50:00","51:51:00","46:10:00","F",47,0,0,0,1,0,0,0,0,0,0,0,0,0,0,0,0,0,0,0,0,0,0,0,0,0,0,0,1,0,0,0,36,"Canada",2770,3111,2570
"53",193.169013708573,223.489800458748,245.517931209626,209.685308430106,-14.375,13.0909090909091,19.6363636363636,41.75,4.5,58,-7,7.5,16.5162947215328,"Dmytro Krasnov ",11,"40:30:00","55:23:00","49:05:00","M",47,0,0,0,0,0,0,0,0,0,0,0,0,0,0,0,0,0,0,1,0,0,0,0,0,0,0,0,1,0,0,0,36,"Ukraine",2945,3323,2430
"54",38.9496011349465,31.859064644148,35.5540561552534,73.9208070456872,18.25,-3,9.09090909090909,20,12.5,-5,0,20,34.9712059107406,"Ville Niemenmaa",23,"47:49:00","54:25:00","50:26:00","M",47,0,0,0,0,0,1,0,0,0,0,0,0,0,0,0,0,0,0,0,0,0,0,0,0,0,0,0,1,0,0,0,36,"Finland",3026,3265,2869
"55",115.053714163677,192.065803117767,174.571735710827,108.668236915327,-4.75,-7.54545454545455,16.0909090909091,-53.75,25,-8,0,-24,-6.38547724834987,"Jorge Manuel García Rodríguez",33,"44:50:00","54:16:00","50:30:00","M",47,0,0,0,0,0,0,0,0,0,0,0,0,0,0,0,1,0,0,0,0,0,0,0,0,0,0,0,1,0,0,0,36,"Spain",3030,3256,2690
"56",68.7166802374587,136.70100086087,126.922309809083,156.437516052165,7.625,-17.1818181818182,-7.54545454545455,38.125,-1,0,-19,-2.5,87.7208358147065,"Liess Makhlouf",16,"48:13:00","54:52:00","51:22:00","M",41,0,0,0,0,0,0,1,0,0,0,0,0,0,0,0,0,0,0,0,0,0,0,0,0,0,0,1,0,0,0,0,36,"France",3082,3292,2893
"57",97.6407409113342,53.9218289411963,85.9023758799382,74.5317525814142,26,-0.818181818181818,7.72727272727273,24.125,19.5,10,3,25.5,-23.10898832992,"Ian Mac Miles",17,"48:22:00","56:01:00","51:58:00","M",39,0,0,0,0,0,0,0,0,0,0,0,0,0,0,0,0,0,0,0,1,0,0,0,0,0,1,0,0,0,0,0,36,"United Kingdom",3118,3361,2902
"58",119.025807525691,31.4454795132493,229.748479073015,37.8747937288112,25.5,-1.72727272727273,0.818181818181818,22.75,4,-4,-33,28.5,-81.1510137968798,"Hardenne Frédérick",14,"43:16:00","55:47:00","52:29:00","M",52,0,0,1,0,0,0,0,0,0,0,0,0,0,0,0,0,0,0,0,0,0,0,0,0,0,0,0,0,1,0,0,36,"Belgium",3149,3347,2596
"59",195.032598007908,235.59618765244,171.755852090322,355.525365781804,-53,18.1818181818182,-3.54545454545455,-80.5714285714286,-89.5,-25,-68,59,160.492767773896,"Dave Stevens",15,"33:24:00","47:43:00","43:11:00","M",37,0,0,0,1,0,0,0,0,0,0,0,0,0,0,0,0,0,0,0,0,0,0,0,0,0,1,0,0,0,0,0,35,"Canada",2591,2863,2004
"60",73.6807786526252,65.9150969050338,69.0687404626066,81.3019064967114,13.5,-15,11.0909090909091,-14,6.5,-12,18,18,7.62112784408623,"Gonzalo Novoa Rodríguez",33,"48:03:00","53:12:00","50:43:00","M",36,0,0,0,0,0,0,0,0,0,0,0,0,0,0,0,1,0,0,0,0,0,0,0,0,0,1,0,0,0,0,0,35,"Spain",3043,3192,2883
"61",216.281851494096,118.746636315997,134.543740775326,301.797235621156,26.875,12.1818181818182,14.7272727272727,27.7142857142857,102,34,1,-32,85.5153841270596,"Adam Keen",23,"43:58:00","56:14:00","51:26:00","M",46,0,0,0,0,0,0,0,0,0,0,0,0,1,0,0,0,0,0,0,0,0,0,0,0,0,0,0,1,0,0,0,35,"New Zealand",3086,3374,2638
"62",95.7277886708427,95.2612781307868,160.755196909255,303.444576671113,-2.14285714285714,17.6,28.3,142.111111111111,33,43.5,106.5,137,207.716788000271,"De Graef Yvan",14,"34:20:00","58:55:00","38:05:00","M",40,0,0,1,0,0,0,0,0,0,0,0,0,0,0,0,0,0,0,0,0,0,0,0,0,0,0,1,0,0,0,0,34,"Belgium",2285,3535,2060
"63",116.141744269254,42.3325459244355,49.7939085966681,94.426043959163,54.2857142857143,9.4,-11.9,55.5555555555556,5,3,-3,45,-21.7157003100909,"De Cock Jozef",14,"37:04:00","52:27:00","44:18:00","M",35,0,0,1,0,0,0,0,0,0,0,0,0,0,0,0,0,0,0,0,0,0,0,0,0,0,1,0,0,0,0,0,34,"Belgium",2658,3147,2224
"64",141.895165862823,98.5147479089073,110.324773081822,165.187771944536,10.2857142857143,-4.4,7,30,-11,5,-1.5,17,23.2926060817127,"Niclas Gällentoft",14,"44:25:00","53:12:00","48:14:00","M",48,0,0,0,0,0,0,0,0,0,0,0,0,0,0,0,0,0,0,0,0,0,0,0,0,0,0,0,1,0,0,0,34,"Sweden",2894,3192,2665
"65",128.671971269878,114.37953391135,81.457282601919,105.215387552286,-32.1428571428571,7.7,29.2,-12.5555555555556,-30,4,28,1,-23.4565837175914,"Abimanyu Shunmugam",16,"44:58:00","53:00:00","48:17:00","M",49,0,0,0,0,0,0,0,0,0,0,0,0,0,0,1,0,0,0,0,0,0,0,0,0,0,0,0,1,0,0,0,34,"Singapore",2897,3180,2698
"66",159.392298314269,177.495414651259,93.9896566413324,73.3297347601912,-32.7142857142857,3.8,-7.5,33.3333333333333,5,-10.5,10.5,21,-86.0625635540773,"Fernando Soriano Rubio ",33,"43:07:00","53:21:00","48:28:00","M",46,0,0,0,0,0,0,0,0,0,0,0,0,0,0,0,1,0,0,0,0,0,0,0,0,0,0,0,1,0,0,0,34,"Spain",2908,3201,2587
"67",105.604157566064,137.705361793456,194.023480824129,228.794121427977,29.7142857142857,4.1,1,57.3333333333333,38,-50.5,28,-14,123.189963861913,"Mark Walker [ Harold ]",17,"44:55:00","53:32:00","48:36:00","M",49,0,0,0,0,0,0,0,0,0,1,0,0,0,0,0,0,0,0,0,0,0,0,0,0,0,0,0,1,0,0,0,34,"Ireland",2916,3212,2695
"68",120.933866224478,40.5517502019881,97.4522675182289,127.003390155976,35,5,-20.5,36.1111111111111,55,10,-27.5,5,6.06952393149794,"Jari Soikkeli",23,"44:35:00","53:50:00","48:48:00","M",50,0,0,0,0,0,1,0,0,0,0,0,0,0,0,0,0,0,0,0,0,0,0,0,0,0,0,0,0,1,0,0,34,"Finland",2928,3230,2675
"69",81.2535713500819,85.1472580624623,146.675946676111,169.065076228061,62.1428571428571,14.5,6.5,20.3333333333333,37,1.5,5.5,35,87.8115048779788,"Harald Menzel",18,"40:12:00","58:21:00","49:37:00","M",42,0,0,0,0,0,0,0,1,0,0,0,0,0,0,0,0,0,0,0,0,0,0,0,0,0,0,1,0,0,0,0,34,"Germany",2977,3501,2412
"70",107.172313411183,71.1583523636622,127.214779015647,91.5115353991567,25.7142857142857,17.8,16.6,27.1111111111111,9,29,62,46,-15.6607780120259,"Victoria Brown",15,"44:10:00","57:11:00","49:43:00","F",45,0,0,0,1,0,0,0,0,0,0,0,0,0,0,0,0,0,0,0,0,0,0,0,0,0,0,0,1,0,0,0,34,"Canada",2983,3431,2650
"71",64.4020112078734,313.759444302301,519.531038533792,160.783584706621,12.5714285714286,-7.9,-8.5,68.8888888888889,6,-23.5,-16.5,3,96.3815734987474,"Badot Benoît",14,"39:06:00","59:10:00","49:54:00","M",34,0,0,1,0,0,0,0,0,0,0,0,0,0,0,0,0,0,0,0,0,0,0,0,0,1,0,0,0,0,0,0,34,"Belgium",2994,3550,2346
"72",113.10572382468,98.504596621455,48.5129994033672,164.63832414653,6.28571428571429,24.6,-9.8,64.4444444444444,-18,13,-10,29,51.5326003218498,"Glenn Sutton",23,"46:50:00","58:55:00","50:45:00","M",46,0,0,0,0,0,0,0,0,0,0,0,0,1,0,0,0,0,0,0,0,0,0,0,0,0,0,0,1,0,0,0,34,"New Zealand",3045,3535,2810
"73",56.3940219729513,213.987953970415,156.438983490547,106.159602067411,1.42857142857143,-23.2,25.6,22.1111111111111,-17,24.5,-9.5,59,49.76558009446,"Olivier Leblond",32,"43:32:00","58:08:00","51:15:00","M",48,0,0,0,0,0,0,0,0,0,0,0,0,0,0,0,0,0,0,0,0,1,0,0,0,0,0,0,1,0,0,0,34,"United States",3075,3488,2612
"74",53.9444158370447,56.1956898307651,59.3516825559497,61.1616710039875,23,-0.2,-5.2,23.3333333333333,33,18.5,-6,9,7.21725516694275,"Simon Gfeller",33,"49:20:00","55:28:00","51:18:00","M",49,0,0,0,0,0,0,0,0,0,0,0,0,0,0,0,1,0,0,0,0,0,0,0,0,0,0,0,1,0,0,0,34,"Spain",3078,3328,2960
"75",51.5160631444675,112.677958014078,111.899558136353,128.042891809179,17.7142857142857,-18.1,-11.8,38.125,36,0.5,-16,16,76.5268286647116,"Oleg Chyzhyk ",11,"41:35:00","51:11:00","45:16:00","M",41,0,0,0,0,0,0,0,0,0,0,0,0,0,0,0,0,0,0,1,0,0,0,0,0,0,0,1,0,0,0,0,33,"Ukraine",2716,3071,2495
"76",94.8181216354563,44.1267114871102,62.3520471017414,299.58825911574,2.85714285714286,17.5,29,9.375,-40,24.5,32.5,90,204.770137480284,"Thure Tornbo Baastrup",22,"44:00:00","56:25:00","47:46:00","M",39,0,0,0,0,1,0,0,0,0,0,0,0,0,0,0,0,0,0,0,0,0,0,0,0,0,1,0,0,0,0,0,33,"Denmark",2866,3385,2640
"77",87.6429444638056,205.411375861546,78.5179385024,102.410849732131,20.5714285714286,8.5,37.2,16.375,-4,9,38,19.5,14.7679052683255,"Mike Huber",15,"44:04:00","54:00:00","48:43:00","M",46,0,0,0,1,0,0,0,0,0,0,0,0,0,0,0,0,0,0,0,0,0,0,0,0,0,0,0,1,0,0,0,33,"Canada",2923,3240,2644
"78",61.1029576090342,78.1767939423913,91.5545374808553,132.817207899751,-31.7142857142857,-2.5,3.7,27.875,-48,6,3,17.5,71.714250290717,"Wong Hoong Wei",16,"47:30:00","53:14:00","49:48:00","M",40,0,0,0,0,0,0,0,0,0,0,0,0,0,0,1,0,0,0,0,0,0,0,0,0,0,0,1,0,0,0,0,33,"Singapore",2988,3194,2850
"79",24.4384552547434,179.915288708634,191.102532107185,87.4355885372606,-3.71428571428571,-20.2,27.8,16.125,-9,26.5,14.5,23,62.9971332825172,"Amelia Boone",32,"44:04:00","56:12:00","50:26:00","F",37,0,0,0,0,0,0,0,0,0,0,0,0,0,0,0,0,0,0,0,0,1,0,0,0,0,1,0,0,0,0,0,33,"United States",3026,3372,2644
"80",83.0759835790046,72.2404165116576,95.7146221268667,70.89819159491,34.4285714285714,-1.3,6.2,46.375,53,21.5,-5,66,-12.1777919840946,"Ana Cristina Constantin",33,"47:02:00","58:50:00","51:09:00","F",40,0,0,0,0,0,0,0,0,0,0,0,0,0,0,0,1,0,0,0,0,0,0,0,0,0,0,1,0,0,0,0,33,"Spain",3069,3530,2822
"81",221.262933439575,149.470361238905,453.15315046657,91.7051758938081,35.4285714285714,39.5,12,56.875,70,4.5,10,44,-129.557757545767,"Bernhard Epple",18,"37:11:00","59:02:00","51:19:00","M",49,0,0,0,0,0,0,0,1,0,0,0,0,0,0,0,0,0,0,0,0,0,0,0,0,0,0,0,1,0,0,0,33,"Germany",3079,3542,2231
"82",104.930816209902,68.5553304516384,194.354315619695,42.1764998886482,35.8571428571429,9.5,-10.4,30.5,6,12,-4.5,48,-62.7543163212536,"Bobbie Irvine",17,"48:36:00","56:18:00","52:25:00","M",27,0,0,0,0,0,0,0,0,0,0,0,0,0,0,0,0,0,0,0,1,0,0,0,1,0,0,0,0,0,0,0,33,"United Kingdom",3145,3378,2916
"83",135.807111111942,81.5713048674457,55.979758246471,116.373091514196,13.2857142857143,1.9,24.8,25.125,-37,-7.5,14.5,32,-19.4340195977463,"Mikael Antonsson",14,"48:36:00","58:22:00","52:28:00","M",47,0,0,0,0,0,0,0,0,0,0,0,0,0,0,0,0,0,0,0,0,0,0,0,0,0,0,0,1,0,0,0,33,"Sweden",3148,3502,2916
"84",216.060507398143,124.392747198362,322.827783466321,142.707659887184,27.8571428571429,4,-8,17.1428571428571,-60,23,62.5,5,-73.3528475109586,"Mikkel Højborg Olsen",22,"38:00:00","52:00:00","45:40:00","M",33,0,0,0,0,1,0,0,0,0,0,0,0,0,0,0,0,0,0,0,0,0,0,0,0,1,0,0,0,0,0,0,32,"Denmark",2740,3120,2280
"85",181.770787112834,148.237047401189,94.6643192197215,208.510591257774,20.5714285714286,38,-13,54,33,62.5,-41.5,-44,26.7398041449409,"Greg Courtice",15,"43:47:00","53:47:00","48:13:00","M",32,0,0,0,1,0,0,0,0,0,0,0,0,0,0,0,0,0,0,0,0,0,0,0,0,1,0,0,0,0,0,0,32,"Canada",2893,3227,2627
"86",43.1768235890286,74.8516310220871,65.6018292427887,55.4612691970927,-10.7142857142857,-15.1,-0.6,56.5714285714286,-26,-21.5,10,59,12.2844456080641,"Marcus Ekenstierna",14,"46:42:00","55:18:00","49:10:00","M",35,0,0,0,0,0,0,0,0,0,0,0,0,0,0,0,0,0,0,0,0,0,0,0,0,0,1,0,0,0,0,0,32,"Sweden",2950,3318,2802
"87",34.2949392351533,31.3916124678764,75.2864898607682,92.9334119013127,10.1428571428571,-5.9,27.5,46.4285714285714,13,-6.5,21.5,48,58.6384726661594,"Hisayuki TATENO",16,"46:41:00","56:50:00","49:25:00","M",49,0,0,0,0,0,0,0,0,0,0,1,0,0,0,0,0,0,0,0,0,0,0,0,0,0,0,0,1,0,0,0,32,"Japan",2965,3410,2801
"88",90.1585904313695,69.3737862756692,86.1265219184995,54.1162769282166,35.7142857142857,6.5,7,50.7142857142857,10,15,27.5,35,-36.0423135031529,"Gotfred Witthøft Skjødeberg",22,"45:00:00","56:00:00","49:51:00","M",38,0,0,0,0,1,0,0,0,0,0,0,0,0,0,0,0,0,0,0,0,0,0,0,0,0,1,0,0,0,0,0,32,"Denmark",2991,3360,2700
"89",84.1011296000238,103.271433072699,219.332826747135,68.8569946649265,30,16.1,1,97.5714285714286,8,10.5,-7.5,103,-15.2441349350973,"Jill McCann",17,"44:34:00","58:12:00","51:05:00","F",44,0,0,0,0,0,0,0,0,0,1,0,0,0,0,0,0,0,0,0,0,0,0,0,0,0,0,1,0,0,0,0,32,"Ireland",3065,3492,2674
"90",202.171426552532,71.9261967420618,122.333060853466,624.349261231244,34.5714285714286,6.4,-23.6,-237,51,19,-23,-47,422.177834678712,"Niklas Sjöblom",8,"25:57:00","55:24:00","51:19:00","M",36,0,0,0,0,0,0,0,0,0,0,0,0,0,0,0,0,0,1,0,0,0,0,0,0,0,1,0,0,0,0,0,32,"Switzerland",3079,3324,1557
"91",26.1643159392985,137.663196082161,157.011712231215,93.2160828142767,1.28571428571429,-25.6,26.7,2.71428571428571,2,17,18,19,67.0517668749782,"Aaron Ellison",32,"47:48:00","55:24:00","51:52:00","M",44,0,0,0,0,0,0,0,0,0,0,0,0,0,0,0,0,0,0,0,0,1,0,0,0,0,0,1,0,0,0,0,32,"United States",3112,3324,2868
"92",66.7379380933542,28.68913847899,34.9323155068007,50.2654856498875,43.5714285714286,10.2,-5.4,47.4285714285714,13,6,4.5,50,-16.4724524434667,"Marty Hagan",17,"47:02:00","58:13:00","52:50:00","M",46,0,0,0,0,0,0,0,0,0,1,0,0,0,0,0,0,0,0,0,0,0,0,0,0,0,0,0,1,0,0,0,32,"Ireland",3170,3493,2822
"93",52.9806793175812,20.2660087612512,18.9282270109426,62.1434592198529,-0.428571428571429,-3.4,-2.5,29.1428571428571,-10,-8,1,19,9.16277990227169,"Leonora Johnson",14,"53:24:00","58:24:00","55:18:00","F",24,0,0,0,0,0,0,0,0,0,0,0,0,0,0,0,0,0,0,0,0,0,0,1,0,0,0,0,0,0,0,0,32,"Sweden",3318,3504,3204
"94",43.115570052504,32.3728281124773,45.3646950343056,151.049219351398,40.5714285714286,-4,6.2,127.333333333333,33,-2,14.5,84.5,107.933649298894,"Bastiaens Wim",14,"37:14:00","53:41:00","41:59:00","M",42,0,0,1,0,0,0,0,0,0,0,0,0,0,0,0,0,0,0,0,0,0,0,0,0,0,0,1,0,0,0,0,31,"Belgium",2519,3221,2234
"95",1201.95768882032,118.077187560605,273.640173301444,248.772519918633,416.571428571429,-25,14.5,62.1666666666667,-53,-26.5,5.5,11,-953.185168901687,"Jose Francisco Iglesias Martín",33,"0:56","55:25:00","46:07:00","M",43,0,0,0,0,0,0,0,0,0,0,0,0,0,0,0,1,0,0,0,0,0,0,0,0,0,0,1,0,0,0,0,31,"Spain",2767,3325,56
"96",79.8644685284597,152.989796319159,117.470374515828,216.557305733763,9,-12.9,2.2,47.3333333333333,22,3.5,42.5,109,136.692837205304,"Masayuki TAKEI",16,"43:35:00","53:25:00","48:32:00","M",45,0,0,0,0,0,0,0,0,0,0,1,0,0,0,0,0,0,0,0,0,0,0,0,0,0,0,0,1,0,0,0,31,"Japan",2912,3205,2615
"97",188.216187755818,54.9140742938962,60.2333425567231,190.385573683162,33,-6,-13.5,81.6666666666667,35,-12.5,-7.5,10,2.16938592734388,"Juha Jumisko",23,"44:26:00","56:10:00","48:34:00","M",38,0,0,0,0,0,1,0,0,0,0,0,0,0,0,0,0,0,0,0,0,0,0,0,0,0,1,0,0,0,0,0,31,"Finland",2914,3370,2666
"98",116.424510592343,125.84421586496,123.079197628555,91.5394268425724,36,-11.1,-0.4,62.6666666666667,22,-10,12.5,44.5,-24.8850837497709,"Oleksandr Slipets",11,"44:09:00","56:19:00","48:52:00","M",36,0,0,0,0,0,0,0,0,0,0,0,0,0,0,0,0,0,0,1,0,0,0,0,0,0,1,0,0,0,0,0,31,"Ukraine",2932,3379,2649
"99",140.081948804806,182.058720685876,177.099971767361,178.081629222856,35.4285714285714,-12.6,6.2,36.3333333333333,12,-24,-18.5,-23.5,37.9996804180494,"Matthias Dippacher",8,"44:22:00","53:41:00","49:16:00","M",43,0,0,0,0,0,0,0,0,0,0,0,0,0,0,0,0,0,1,0,0,0,0,0,0,0,0,1,0,0,0,0,31,"Switzerland",2956,3221,2662
"100",238.294935301773,102.392708073704,179.067367831836,85.6397493379486,-5.14285714285714,27.4,-17.7,87.1666666666667,-77,37,19,73,-152.655185963824,"Alexandra Rousset",16,"41:12:00","57:09:00","49:25:00","F",50,0,0,0,0,0,0,1,0,0,0,0,0,0,0,0,0,0,0,0,0,0,0,0,0,0,0,0,0,1,0,0,31,"France",2965,3429,2472
"101",165.845165885591,125.06749288995,116.398930884743,78.8635953191754,15.4285714285714,49.1,4.6,-14.6666666666667,3,-3.5,10.5,-18.5,-86.9815705664151,"Fiona Hayvice",23,"43:33:00","54:10:00","50:18:00","F",44,0,0,0,0,0,0,0,0,0,0,0,0,1,0,0,0,0,0,0,0,0,0,0,0,0,0,1,0,0,0,0,31,"New Zealand",3018,3250,2613
"102",81.6476168258041,102.54451607852,176.175291494958,91.3683023081127,0,2.6,17.2,64.8333333333333,5,4,88.5,36,9.72068548230854,"Malin Barrulf",14,"47:56:00","55:39:00","50:46:00","F",29,0,0,0,0,0,0,0,0,0,0,0,0,0,0,0,0,0,0,0,0,0,0,0,1,0,0,0,0,0,0,0,31,"Sweden",3046,3339,2876
"103",109.245464109827,113.479121917255,90.3312422882213,83.0036143791341,26.2857142857143,14.2,10.8,-29,-3,-0.5,29.5,-4,-26.2418497306926,"Andy Smith ",23,"47:14:00","55:12:00","51:06:00","M",45,0,0,0,0,0,0,0,0,0,0,0,0,1,0,0,0,0,0,0,0,0,0,0,0,0,0,0,1,0,0,0,31,"New Zealand",3066,3312,2834
"104",87.3899307700836,43.3365383430144,90.5983198274425,108.875617105025,20,28.5,9.5,57.5,28,20,32.5,50.5,21.4856863349414,"Jeremy Palmer",23,"47:13:00","58:55:00","51:07:00","M",44,0,0,0,0,0,1,0,0,0,0,0,0,0,0,0,0,0,0,0,0,0,0,0,0,0,0,1,0,0,0,0,31,"Finland",3067,3535,2833
"105",162.981447965566,114.113004420083,259.980533459291,113.935069228048,28.5714285714286,33,24.9,48.8,51,53,-0.5,12,-49.046378737518,"Ryan Crawford",22,"32:50:00","52:31:00","39:33:00","M",45,1,0,0,0,0,0,0,0,0,0,0,0,0,0,0,0,0,0,0,0,0,0,0,0,0,0,0,1,0,0,0,30,"Australia",2373,3151,1970
"106",190.627784913303,147.186993688679,201.830622057209,312.254383476037,-1.57142857142857,-0.7,-18.6,-80.6,19,-21.5,-5.5,-204,121.626598562734,"Serhii Ziuman ",11,"38:37:00","48:35:00","43:52:00","M",34,0,0,0,0,0,0,0,0,0,0,0,0,0,0,0,0,0,0,1,0,0,0,0,0,1,0,0,0,0,0,0,30,"Ukraine",2632,2915,2317
"107",161.263611459475,126.762463774661,226.664338223335,440.191208453781,47.5714285714286,-8.5,-7.5,104.6,-1,-1.5,-64.5,23,278.927596994306,"Reyes Giltro Satevo",36,"38:40:00","52:03:00","46:14:00","M",33,0,0,0,0,0,0,0,0,0,0,0,1,0,0,0,0,0,0,0,0,0,0,0,0,1,0,0,0,0,0,0,30,"Mexico",2774,3123,2320
"108",144.715155358643,104.01073662528,172.946491403812,136.532779946795,7.85714285714286,-19.3,-13.4,117.2,-4,-26.5,6,162,-8.18237541184786,"Nazarii Hnat ",11,"41:51:00","55:04:00","46:18:00","M",27,0,0,0,0,0,0,0,0,0,0,0,0,0,0,0,0,0,0,1,0,0,0,0,1,0,0,0,0,0,0,0,30,"Ukraine",2778,3304,2511
"109",294.455672142927,163.310372535788,365.249153927075,546.148056849056,55.1428571428571,-25.5,31.5,86.2,16,6,-30.5,293,251.692384706129,"Martin Moreno",36,"39:05:00","54:40:00","46:24:00","M",26,0,0,0,0,0,0,0,0,0,0,0,1,0,0,0,0,0,0,0,0,0,0,0,1,0,0,0,0,0,0,0,30,"Mexico",2784,3280,2345
"110",360.955544024337,168.957621247986,58.5404893120043,86.9269808517471,16.7142857142857,37.7,-1.9,34.4,81,2,-4,-12,-274.02856317259,"Guillaume Arthus",16,"39:31:00","50:27:00","46:27:00","M",30,0,0,0,0,0,0,1,0,0,0,0,0,0,0,0,0,0,0,0,0,0,0,0,0,1,0,0,0,0,0,0,30,"France",2787,3027,2371
"111",151.975248611332,262.547540668564,252.580460227803,159.630824091088,26.1428571428571,5.9,-5,104,28,1,-3,51,7.65557547975632,"Patrick Obert",18,"39:38:00","55:48:00","47:03:00","M",42,0,0,0,0,0,0,0,1,0,0,0,0,0,0,0,0,0,0,0,0,0,0,0,0,0,0,1,0,0,0,0,30,"Germany",2823,3348,2378
"112",100.033089763433,107.528032520724,109.295776069648,106.365877987257,35.4285714285714,23.5,-3.3,99.8,70,16,0.5,48,6.33278822382378,"Clukers Karen",14,"41:44:00","54:09:00","47:10:00","F",42,0,0,1,0,0,0,0,0,0,0,0,0,0,0,0,0,0,0,0,0,0,0,0,0,0,0,1,0,0,0,0,30,"Belgium",2830,3249,2504
"113",94.8181216354563,44.1267114871102,61.680178699842,82.6438140455775,2.85714285714286,17.5,29,51,-40,24.5,32.5,45,-12.1743075898788,"Lue Tornbo Baastrup",22,"44:00:00","53:30:00","47:28:00","F",28,0,0,0,0,1,0,0,0,0,0,0,0,0,0,0,0,0,0,0,0,0,0,0,1,0,0,0,0,0,0,0,30,"Denmark",2848,3210,2640
"114",130.283939002107,39.2852813828962,87.4341021697039,125.329565546203,25.7142857142857,9,11.5,-37,65,0,12.5,0,-4.95437345590408,"Marianne Mäkinen",23,"44:35:00","51:00:00","47:49:00","F",51,0,0,0,0,0,1,0,0,0,0,0,0,0,0,0,0,0,0,0,0,0,0,0,0,0,0,0,0,1,0,0,30,"Finland",2869,3060,2675
"115",194.355099654999,209.426836866721,462.495693673646,228.382354835044,70.7142857142857,-44.4,-50.6,-4,21,9.5,-79.5,90,34.0272551800447,"Hermilo García Gardea",36,"40:48:00","52:49:00","47:55:00","M",45,0,0,0,0,0,0,0,0,0,0,0,1,0,0,0,0,0,0,0,0,0,0,0,0,0,0,0,1,0,0,0,30,"Mexico",2875,3169,2448
"116",67.9887945949639,67.547596387864,54.5344946901602,30.4384625104488,19.1428571428571,3.7,6.7,-7,30,7.5,4,8,-37.550332084515,"Félix Sánchez Parra",33,"46:21:00","52:18:00","49:39:00","M",46,0,0,0,0,0,0,0,0,0,0,0,0,0,0,0,1,0,0,0,0,0,0,0,0,0,0,0,1,0,0,0,30,"Spain",2979,3138,2781
"117",337.439588949602,115.33545277436,129.925662506596,67.8026548152799,3.85714285714286,8.4,-3.3,44.2,23,22,10,14,-269.636934134322,"Richard Shannon",17,"44:36:00","58:20:00","49:40:00","M",45,0,0,0,0,0,0,0,0,0,1,0,0,0,0,0,0,0,0,0,0,0,0,0,0,0,0,0,1,0,0,0,30,"Ireland",2980,3500,2676
"118",126.524983416602,157.172410640884,307.496793117876,106.500234741525,31.2857142857143,-40.5,-1.5,31.4,28,22.5,61.5,31,-20.0247486750767,"Axier López De Aberasturi",33,"39:25:00","54:28:00","50:06:00","M",41,0,0,0,0,0,0,0,0,0,0,0,0,0,0,0,1,0,0,0,0,0,0,0,0,0,0,1,0,0,0,0,30,"Spain",3006,3268,2365
"119",323.245447064021,111.649501168214,120.22867101209,213.699087503901,-11.4285714285714,19.5,-0.6,65.4,-3,0.5,-4,70,-109.54635956012,"Adrian Brennwald",8,"41:14:00","57:18:00","50:31:00","M",45,0,0,0,0,0,0,0,0,0,0,0,0,0,0,0,0,0,1,0,0,0,0,0,0,0,0,0,1,0,0,0,30,"Switzerland",3031,3438,2474
"120",138.852954081441,65.7709831325503,96.8171816707482,68.3352032264484,30.8571428571429,-4.6,-6.7,-2.8,5,23,0,-10,-70.517750854993,"Ibon Gamboa Santorcuato",33,"47:23:00","53:04:00","50:42:00","M",48,0,0,0,0,0,0,0,0,0,0,0,0,0,0,0,1,0,0,0,0,0,0,0,0,0,0,0,1,0,0,0,30,"Spain",3042,3184,2843
"121",134.639554083522,67.9431952279092,115.374222039029,117.638429095258,31.1428571428571,17.5,-11.9,25.6,17,21.5,16,27,-17.0011249882637,"Wayne Gaudet",15,"45:05:00","56:35:00","50:56:00","M",64,0,0,0,1,0,0,0,0,0,0,0,0,0,0,0,0,0,0,0,0,0,0,0,0,0,0,0,0,0,0,1,30,"Canada",3056,3395,2705
"122",206.726412254964,137.864506752907,119.891108001293,154.486245342425,17.1428571428571,20.8,19.9,76,74,9.5,13,124,-52.2401669125393,"Daniel George",14,"49:11:00","58:05:00","52:25:00","M",44,0,0,0,0,0,0,0,0,0,0,0,0,0,0,0,0,0,0,0,0,0,0,0,0,0,0,1,0,0,0,0,30,"Sweden",3145,3485,2951
"123",119.5859921722,28.7674584672798,34.6416576457369,44.6900436339013,43.8571428571429,10.3,-5.6,40.8,13,5.5,4.5,49,-74.8959485382989,"Donna Owens",17,"46:59:00","56:04:00","52:27:00","F",52,0,0,0,0,0,0,0,0,0,1,0,0,0,0,0,0,0,0,0,0,0,0,0,0,0,0,0,0,1,0,0,30,"Ireland",3147,3364,2819
"124",194.928558341621,93.4014632290808,74.3714401575706,67.2138378609643,46.8571428571429,15.5,14,47.2,0,17.5,-1,40,-127.714720480657,"Seán Nickell",17,"46:32:00","58:57:00","52:34:00","M",42,0,0,0,0,0,0,0,0,0,0,0,0,0,0,0,0,0,0,0,1,0,0,0,0,0,0,1,0,0,0,0,30,"United Kingdom",3154,3537,2792
"125",122.764583073225,126.801726241317,105.797973095476,120.967764301073,22.8571428571429,-4.3,23.1,42.8,25,7,7,61,-1.79681877215218,"Kesuke TANAKA",16,"49:41:00","55:50:00","52:43:00","M",38,0,0,0,0,0,0,0,0,0,0,1,0,0,0,0,0,0,0,0,0,0,0,0,0,0,1,0,0,0,0,0,30,"Japan",3163,3350,2981
"126",120.49564307476,142.767098606242,210.811593082017,1121.13981117008,13,14.2222222222222,-23.4444444444444,-390.142857142857,-1.5,63,14,14,1000.64416809532,"Ionel Cristian Malone",33,"2:22","51:41:00","46:29:00","M",32,0,0,0,0,0,0,0,0,0,0,0,0,0,0,0,1,0,0,0,0,0,0,0,0,1,0,0,0,0,0,0,29,"Spain",2789,3101,142
"127",147.658728153807,168.638008105462,93.0646430056967,403.727218139509,-8.5,1.44444444444444,-19.5555555555556,122,15,-13,5,242,256.068489985702,"David Barranger",16,"37:36:00","58:17:00","47:23:00","M",43,0,0,0,0,0,0,1,0,0,0,0,0,0,0,0,0,0,0,0,0,0,0,0,0,0,0,1,0,0,0,0,29,"France",2843,3497,2256
"128",115.254500996707,133.118368379424,62.6819573543917,152.770758857527,-10,1,9.44444444444444,76.7142857142857,-46,-13,-5,123,37.51625786082,"Myron Tetreault",15,"44:32:00","56:14:00","47:57:00","M",53,0,0,0,1,0,0,0,0,0,0,0,0,0,0,0,0,0,0,0,0,0,0,0,0,0,0,0,0,1,0,0,29,"Canada",2877,3374,2672
"129",73.5690152170056,119.445710587605,53.4111411598741,135.88037455967,-36,-17.5555555555556,3,38.1428571428571,-44.5,-26,-17,3,62.3113593426643,"Jasmine Goh",16,"46:32:00","53:00:00","48:46:00","F",41,0,0,0,0,0,0,0,0,0,0,0,0,0,0,1,0,0,0,0,0,0,0,0,0,0,0,1,0,0,0,0,29,"Singapore",2926,3180,2792
"130",128.316275922685,76.8409251491533,98.0167219293615,143.822476553231,9.66666666666667,16.5555555555556,4.55555555555556,36.2857142857143,-21.5,27,-33,35,15.5062006305461,"Luzia Bühler",8,"47:16:00","55:36:00","50:05:00","F",38,0,0,0,0,0,0,0,0,0,0,0,0,0,0,0,0,0,1,0,0,0,0,0,0,0,1,0,0,0,0,0,29,"Switzerland",3005,3336,2836
"131",15.6769469816883,17.4531117887645,38.6310899549975,50.5328747309257,20.1666666666667,1.11111111111111,1.11111111111111,39.2857142857143,20.5,7,0,10,34.8559277492374,"Jani Hitonen",23,"47:49:00","54:45:00","50:09:00","M",44,0,0,0,0,0,1,0,0,0,0,0,0,0,0,0,0,0,0,0,0,0,0,0,0,0,0,1,0,0,0,0,29,"Finland",3009,3285,2869
"132",143.686348226499,109.013760599293,73.7797021168048,63.785317014707,16.1666666666667,8.66666666666667,-6.77777777777778,50.8333333333333,0,8,20,38,-79.9010312117918,"Tatyana Maslova",13,"45:33:00","53:55:00","48:42:00","F",45,0,0,0,0,0,0,0,0,0,0,0,0,0,1,0,0,0,0,0,0,0,0,0,0,0,0,0,1,0,0,0,28,"Russia",2922,3235,2733
"133",137.335598686818,151.337187909794,146.603869131904,246.744942535134,5.33333333333333,16.2222222222222,2.22222222222222,40.3333333333333,22.5,38,-15,-43,109.409343848316,"Leona Knüsel",8,"44:59:00","55:44:00","49:23:00","F",26,0,0,0,0,0,0,0,0,0,0,0,0,0,0,0,0,0,1,0,0,0,0,0,1,0,0,0,0,0,0,0,28,"Switzerland",2963,3344,2699
"134",72.0798168699117,28.5043856274784,38.8998000566127,65.6315472924416,26.5,8.33333333333333,-2.77777777777778,97.5,27.5,10,0,97.5,-6.44826957747004,"Jani Saarinen",23,"46:01:00","58:15:00","49:30:00","M",47,0,0,0,0,0,1,0,0,0,0,0,0,0,0,0,0,0,0,0,0,0,0,0,0,0,0,0,1,0,0,0,28,"Finland",2970,3495,2761
"135",249.902380941039,88.2992072444595,92.445930142976,82.4752488123962,30,-4.66666666666667,-23.6666666666667,72.1666666666667,17,-7,-66,58.5,-167.427132128642,"Jose Luis Martinez Hervas",33,"43:39:00","53:50:00","49:34:00","M",43,0,0,0,0,0,0,0,0,0,0,0,0,0,0,0,1,0,0,0,0,0,0,0,0,0,0,1,0,0,0,0,28,"Spain",2974,3230,2619
"136",117.22016322573,63.086800873435,67.0828674932066,95.2962048912057,10.1666666666667,-10.7777777777778,-7.11111111111111,31.8333333333333,30.5,0,-16,14.5,-21.9239583345238,"Gareth King",17,"47:57:00","52:50:00","49:54:00","M",42,0,0,0,0,0,0,0,0,0,0,0,0,0,0,0,0,0,0,0,1,0,0,0,0,0,0,1,0,0,0,0,28,"United Kingdom",2994,3170,2877
"137",79.8415096717658,30.5163890393343,36.8649939343244,53.7974596674106,20.3333333333333,6.66666666666667,-5.55555555555556,64.1666666666667,27.5,0,-20,85,-26.0440500043552,"Heikki Hihnala",23,"47:08:00","56:25:00","50:00:00","M",38,0,0,0,0,0,1,0,0,0,0,0,0,0,0,0,0,0,0,0,0,0,0,0,0,0,1,0,0,0,0,0,28,"Finland",3000,3385,2828
"138",117.797566471751,265.37180416247,206.0785314173,219.268480787063,11.3333333333333,21.7777777777778,0.888888888888889,82.3333333333333,-5.5,74,15,132,101.470914315312,"Christian Knapp",8,"41:30:00","55:46:00","50:11:00","M",53,0,0,0,0,0,0,0,0,0,0,0,0,0,0,0,0,0,1,0,0,0,0,0,0,0,0,0,0,1,0,0,28,"Switzerland",3011,3346,2490
"139",143.707573449233,118.446190314421,139.559525332781,95.6648664174401,15.6666666666667,15,10.8888888888889,27.1666666666667,32.5,6,-16,39.5,-48.0427070317927,"Aurélien Sanchez",16,"46:08:00","56:44:00","50:21:00","M",29,0,0,0,0,0,0,1,0,0,0,0,0,0,0,0,0,0,0,0,0,0,0,0,1,0,0,0,0,0,0,0,28,"France",3021,3404,2768
"140",161.519864619392,58.5768725692999,47.1036092035419,83.5114762572586,45.3333333333333,15,-3.33333333333333,85.8333333333333,2.5,15,0,92.5,-78.0083883621332,"Jesper Elfving",22,"45:33:00","58:40:00","50:50:00","M",59,0,0,0,0,1,0,0,0,0,0,0,0,0,0,0,0,0,0,0,0,0,0,0,0,0,0,0,0,0,1,0,28,"Denmark",3050,3520,2733
"141",73.6414738219345,48.1040538832228,55.0736880108016,98.8062076322468,21.3333333333333,-8,-3.88888888888889,63.3333333333333,6,-1,12,36,25.1647338103123,"Graeme Black",17,"48:35:00","56:55:00","50:55:00","M",39,0,0,0,0,0,0,0,0,0,0,0,0,0,0,0,0,0,0,0,1,0,0,0,0,0,1,0,0,0,0,0,28,"United Kingdom",3055,3415,2915
"142",99.0649618516389,49.9744379102401,54.3317995693539,56.4579489531811,35.6666666666667,-10.7777777777778,7.22222222222222,69.5,23,-5,35,69.5,-42.6070128984578,"Dave Stevenson",17,"48:34:00","56:56:00","51:03:00","M",50,0,0,0,0,0,0,0,0,0,0,0,0,0,0,0,0,0,0,0,1,0,0,0,0,0,0,0,0,1,0,0,28,"United Kingdom",3063,3416,2914
"143",113.732434541193,106.471827259609,83.4297775244413,50.1334884749373,35.3333333333333,-6.66666666666667,13.4444444444444,40.8333333333333,49.5,-31,12,33.5,-63.5989460662554,"Finn O'Mara",17,"45:56:00","57:33:00","52:24:00","F",39,0,0,0,0,0,0,0,0,0,1,0,0,0,0,0,0,0,0,0,0,0,0,0,0,0,1,0,0,0,0,0,28,"Ireland",3144,3453,2756
"144",141.673450817952,470.92438647598,164.85734574002,115.5884942371,23.8333333333333,24.4444444444444,-56.2222222222222,116.2,-4.5,-104,-71,51,-26.0849565808524,"Tobias Krumm",18,"35:42:00","52:25:00","44:22:00","M",42,0,0,0,0,0,0,0,1,0,0,0,0,0,0,0,0,0,0,0,0,0,0,0,0,0,0,1,0,0,0,0,27,"Germany",2662,3145,2142
"145",301.451654498694,156.714708945906,120.149675174111,231.896528650172,25.5,46.3333333333333,-17.7777777777778,135,52.5,39,-15,101,-69.5551258485221,"Wolfgang Neuweiler",18,"39:30:00","57:27:00","46:54:00","M",45,0,0,0,0,0,0,0,1,0,0,0,0,0,0,0,0,0,0,0,0,0,0,0,0,0,0,0,1,0,0,0,27,"Germany",2814,3447,2370
"146",80.9790096259518,195.317049947003,97.0108814057017,99.9524887133882,59,10,1.88888888888889,30,17,2,22,87,18.9734790874364,"Lejeune Sylvain",14,"41:15:00","52:15:00","47:26:00","M",33,0,0,1,0,0,0,0,0,0,0,0,0,0,0,0,0,0,0,0,0,0,0,0,0,1,0,0,0,0,0,0,27,"Belgium",2846,3135,2475
"147",71.8071491334022,63.152153125958,92.2218038812466,327.654543688929,33.3333333333333,-12.2222222222222,3.88888888888889,98,47.5,15,-15,30,255.847394555526,"Jaakko Eskelinen",23,"45:15:00","56:00:00","48:24:00","M",34,0,0,0,0,0,1,0,0,0,0,0,0,0,0,0,0,0,0,0,0,0,0,0,0,1,0,0,0,0,0,0,27,"Finland",2904,3360,2715
"148",50.5717312339611,61.1578104396959,28.8073100290727,43.8748219369606,42.5,5.55555555555556,-1.11111111111111,65,30,-5,-5,80,-6.69690929700052,"Gritt Jakobsen",22,"45:00:00","53:50:00","48:41:00","F",42,0,0,0,0,1,0,0,0,0,0,0,0,0,0,0,0,0,0,0,0,0,0,0,0,0,0,1,0,0,0,0,27,"Denmark",2921,3230,2700
"149",197.553030855009,108.91510455396,56.5009832756131,137.913016064475,13,43.3333333333333,-26.1111111111111,37,6,15,-20,80,-59.6400147905341,"Jani Lempinen",23,"43:10:00","52:45:00","48:57:00","M",41,0,0,0,0,0,1,0,0,0,0,0,0,0,0,0,0,0,0,0,0,0,0,0,0,0,0,1,0,0,0,0,27,"Finland",2937,3165,2590
"150",156.576711763489,106.511084451859,85.1020629074943,83.4116298845671,-0.333333333333333,-1.11111111111111,1.11111111111111,53,21.5,0,0,45,-73.1650818789218,"Lari Koivu",23,"44:40:00","54:15:00","49:02:00","M",40,0,0,0,0,0,1,0,0,0,0,0,0,0,0,0,0,0,0,0,0,0,0,0,0,0,0,1,0,0,0,0,27,"Finland",2942,3255,2680
"151",88.6942313043338,68.554317474864,74.9412733041309,78.1133791357153,-6.33333333333333,37.7777777777778,8.22222222222222,89.8,-31.5,18,25,65,-10.5808521686185,"Jeremy Welwood",15,"46:17:00","59:02:00","49:58:00","M",38,0,0,0,1,0,0,0,0,0,0,0,0,0,0,0,0,0,0,0,0,0,0,0,0,0,1,0,0,0,0,0,27,"Canada",2998,3542,2777
"152",86.7202398520668,375.158003750124,257.47135763032,171.050285004147,-14,24.4444444444444,11.3333333333333,-99.8,-34.5,-56,41,-48,84.3300451520804,"Sergey Cheremisin ",11,"44:37:00","54:08:00","50:16:00","M",40,0,0,0,0,0,0,0,0,0,0,0,0,0,0,0,0,0,0,1,0,0,0,0,0,0,0,1,0,0,0,0,27,"Ukraine",3016,3248,2677
"153",229.532278049661,163.909612625712,251.247885563242,266.560124549791,9.33333333333333,32.8888888888889,1.66666666666667,94.6,54,41,-5,-22,37.0278465001303,"Ole Evers ",8,"46:52:00","58:54:00","50:44:00","M",26,0,0,0,0,0,0,0,0,0,0,0,0,0,0,0,0,0,1,0,0,0,0,0,1,0,0,0,0,0,0,0,27,"Switzerland",3044,3534,2812
"154",138.89624424968,138.473824241262,73.6157440890043,136.97372010718,19.8333333333333,-16.3333333333333,-17.5555555555556,96.6,24.5,-15,5,71,-1.92252414249998,"Adam McKee",17,"46:54:00","54:57:00","50:51:00","M",41,0,0,0,0,0,0,0,0,0,0,0,0,0,0,0,0,0,0,0,1,0,0,0,0,0,0,1,0,0,0,0,27,"United Kingdom",3051,3297,2814
"155",128.291335119199,64.206264837977,112.675911849477,142.154845151335,16.6666666666667,20.7777777777778,20.1111111111111,39,15,37,50,90,13.8635100321357,"Gennady Karasev",13,"47:00:00","59:01:00","51:32:00","M",28,0,0,0,0,0,0,0,0,0,0,0,0,0,1,0,0,0,0,0,0,0,0,0,1,0,0,0,0,0,0,0,27,"Russia",3092,3541,2820
"156",141.80655838148,157.099313952813,59.6426860562131,95.1708989134809,9.5,3.22222222222222,2.66666666666667,45,6,38,15,5,-46.6356594679987,"Klaus Mantel",18,"48:04:00","57:04:00","52:32:00","M",57,0,0,0,0,0,0,0,1,0,0,0,0,0,0,0,0,0,0,0,0,0,0,0,0,0,0,0,0,0,1,0,27,"Germany",3152,3424,2884
"157",176.17112892488,39.3841479673118,34.9356551391268,93.2727184121917,-11.3333333333333,-4.11111111111111,13.6666666666667,67.6,17,-9,15,46,-82.8984105126883,"Yohei YAMANOMOTO",16,"49:09:00","58:52:00","53:06:00","M",35,0,0,0,0,0,0,0,0,0,0,1,0,0,0,0,0,0,0,0,0,0,0,0,0,0,1,0,0,0,0,0,27,"Japan",3186,3532,2949
"158",68.4105255059483,156.908298970176,87.2496418330757,214.609279522445,24,18.75,-11.25,67.1428571428571,0,36,-10,20,146.198754016497,"Dorte Dahl",22,"41:50:00","53:10:00","46:46:00","F",55,0,0,0,0,1,0,0,0,0,0,0,0,0,0,0,0,0,0,0,0,0,0,0,0,0,0,0,0,0,1,0,26,"Denmark",2806,3190,2510
"159",126.710299502448,57.8810356309758,67.5857920402971,49.1780051494181,0,27.25,-7.125,7.85714285714286,25,35,-1,5,-77.5322943530296,"Irina Masanova",13,"44:14:00","49:50:00","46:59:00","F",36,0,0,0,0,0,0,0,0,0,0,0,0,0,1,0,0,0,0,0,0,0,0,0,0,0,1,0,0,0,0,0,26,"Russia",2819,2990,2654
"160",48.0020832881241,37.5687465093755,57.4255729494398,60.1078395964485,9.2,8.375,-11.375,57.5714285714286,21,-1.5,-3,23,12.1057563083244,"DIana Kämpe",14,"45:14:00","52:50:00","47:30:00","F",46,0,0,0,0,0,0,0,0,0,0,0,0,0,0,0,0,0,0,0,0,0,0,0,0,0,0,0,1,0,0,0,26,"Sweden",2850,3170,2714
"161",115.412304370028,119.108518946859,146.476473001152,177.947959219757,72,0.625,8.75,107.142857142857,60,-19,-15,15,62.5356548497286,"Morten Klingenberg",22,"43:50:00","56:20:00","48:16:00","M",35,0,0,0,0,1,0,0,0,0,0,0,0,0,0,0,0,0,0,0,0,0,0,0,0,0,1,0,0,0,0,0,26,"Denmark",2896,3380,2630
"162",166.456300571652,144.503027649942,114.071954109175,151.085753007703,-52.8,12.375,24.125,11.7142857142857,-128,26,4,-39,-15.3705475639481,"John Pearson",22,"43:46:00","51:47:00","48:23:00","M",48,1,0,0,0,0,0,0,0,0,0,0,0,0,0,0,0,0,0,0,0,0,0,0,0,0,0,0,1,0,0,0,26,"Australia",2903,3107,2626
"163",115.572488075666,81.9437960695361,103.658005686281,53.3242551797603,55,5.25,-4.125,28.1428571428571,2,21.5,28,27,-62.2482328959059,"Aksana Sulimchik",NA,"45:00:00","50:41:00","48:49:00","F",34,0,1,0,0,0,0,0,0,0,0,0,0,0,0,0,0,0,0,0,0,0,0,0,0,1,0,0,0,0,0,0,26,"Belarus",2929,3041,2700
"164",219.405332660808,102.051020153087,148.025094397634,166.42801961895,-24.2,49.125,-23,34.4285714285714,38,37.5,-50,6,-52.9773130418581,"Luca Ambrosini",8,"43:52:00","52:38:00","48:49:00","M",36,0,0,0,0,0,0,0,0,0,0,0,0,0,0,0,0,0,1,0,0,0,0,0,0,0,1,0,0,0,0,0,26,"Switzerland",2929,3158,2632
"165",102.774996959377,118.697620026688,172.084229791277,242.69557650922,22.8,26.625,-21.875,48.1428571428571,40,20,-20.5,-26,139.920579549843,"Remy Jegard",16,"43:39:00","54:52:00","48:56:00","M",50,0,0,0,0,0,0,1,0,0,0,0,0,0,0,0,0,0,0,0,0,0,0,0,0,0,0,0,0,1,0,0,26,"France",2936,3292,2619
"166",128.110108890751,42.2035882022235,109.915551999836,145.784576883643,15.2,11,-8,62.1428571428571,12,0.5,29,15,17.6744679928925,"Francisco Javier Barrera Gomez",33,"46:54:00","57:36:00","49:22:00","M",31,0,0,0,0,0,0,0,0,0,0,0,0,0,0,0,1,0,0,0,0,0,0,0,0,1,0,0,0,0,0,0,26,"Spain",2962,3456,2814
"167",48.3187334271088,159.579749431347,193.800661579292,134.824577383601,-24.2,5.625,-4.875,46,-22,-13.5,-10.5,57,86.5058439564924,"Shaun Collins",23,"43:50:00","55:00:00","49:34:00","M",46,0,0,0,0,0,0,0,0,0,0,0,0,1,0,0,0,0,0,0,0,0,0,0,0,0,0,0,1,0,0,0,26,"New Zealand",2974,3300,2630
"168",83.0529951296159,95.5987709126012,140.584430655948,76.5559241588104,-33.4,28.625,24.625,51.8571428571429,13,38,-5.5,78,-6.49707097080552,"Israel Pastor Corredor",33,"44:11:00","57:31:00","49:59:00","M",40,0,0,0,0,0,0,0,0,0,0,0,0,0,0,0,1,0,0,0,0,0,0,0,0,0,0,1,0,0,0,0,26,"Spain",2999,3451,2651
"169",46.7675100898049,58.3265132067497,34.1506640805542,95.267543066381,25.2,5.625,-5.625,-3.71428571428571,28,-3,-2,38,48.5000329765761,"Rachel Piper",17,"49:52:00","53:00:00","51:48:00","F",42,0,0,0,0,0,0,0,0,0,0,0,0,0,0,0,0,0,0,0,1,0,0,0,0,0,0,1,0,0,0,0,26,"United Kingdom",3108,3180,2992
"170",112.709804365015,43.4741302385683,67.7047160205888,84.0235227835181,-25,-6.5,2.75,57.4285714285714,15,-2,2.5,30,-28.6862815814971,"Henrik Bengtsson",14,"49:42:00","57:53:00","52:17:00","M",42,0,0,0,0,0,0,0,0,0,0,0,0,0,0,0,0,0,0,0,0,0,0,0,0,0,0,1,0,0,0,0,26,"Sweden",3137,3473,2982
"171",50.4579032461715,114.097389478087,60.4895209342671,68.9140251120398,-2,-3.75,12.875,40.1428571428571,5,-2,21,49,18.4561218658684,"Norimasa UCHIDA",16,"49:12:00","57:17:00","52:51:00","M",49,0,0,0,0,0,0,0,0,0,0,1,0,0,0,0,0,0,0,0,0,0,0,0,0,0,0,0,1,0,0,0,26,"Japan",3171,3437,2952
"172",124.010886618877,138.01138669379,113.095961150571,208.25362284621,15.8,-33.5,32.125,69.7142857142857,-8,-2,28,2,84.2427362273327,"Brian Trinkle",32,"48:55:00","59:38:00","53:08:00","M",58,0,0,0,0,0,0,0,0,0,0,0,0,0,0,0,0,0,0,0,0,1,0,0,0,0,0,0,0,0,1,0,26,"United States",3188,3578,2935
"173",220.469272235384,50.7479767365867,131.533537276892,94.7412516378413,67.8,11.75,-13.25,12.2857142857143,91,4,-5.5,22,-125.728020597543,"Peter Swann",17,"48:57:00","55:46:00","53:18:00","M",35,0,0,0,0,0,0,0,0,0,1,0,0,0,0,0,0,0,0,0,0,0,0,0,0,0,1,0,0,0,0,0,26,"Ireland",3198,3346,2937
"174",43.5120672917295,55.0064931232149,38.8734209601221,54.1387107345567,10.6,-8,-1,30,9,1,-5,4,10.6266434428271,"Shota MIYAZAKI",16,"54:22:00","59:10:00","55:50:00","M",32,0,0,0,0,0,0,0,0,0,0,1,0,0,0,0,0,0,0,0,0,0,0,0,0,1,0,0,0,0,0,0,26,"Japan",3350,3550,3262
"175",84.6917941715725,45.0903854179897,51.4599358724824,251.433225065159,-13.2,16,-0.125,97.6666666666667,-6,5,-1,46,166.741430893586,"Vincent McMath",17,"42:13:00","56:10:00","46:15:00","M",50,0,0,0,0,0,0,0,0,0,1,0,0,0,0,0,0,0,0,0,0,0,0,0,0,0,0,0,0,1,0,0,25,"Ireland",2775,3370,2533
"176",98.6397485803771,125.946700745083,205.961681595665,155.805541193716,-54.6,40.5,3.75,123.166666666667,-36,20.5,15,113,57.1657926133387,"Scott Cooper",15,"40:44:00","59:46:00","47:12:00","M",32,0,0,0,1,0,0,0,0,0,0,0,0,0,0,0,0,0,0,0,0,0,0,0,0,1,0,0,0,0,0,0,25,"Canada",2832,3586,2444
"177",194.150199587845,148.051149462417,135.490576899545,78.5102965646333,-2.4,28,51.375,43.3333333333333,74,-32,14.5,34.5,-115.639903023212,"Pavel Kulikou",NA,"42:23:00","54:26:00","47:19:00","M",25,0,1,0,0,0,0,0,0,0,0,0,0,0,0,0,0,0,0,0,0,0,0,0,1,0,0,0,0,0,0,0,25,"Belarus",2839,3266,2543
"178",198.359017944736,153.100107306112,275.352760758164,325.174055955678,-9.4,18.25,-59,72.1666666666667,-58,27.5,-15,157,126.815038010943,"Neil Macneil",22,"42:15:00","55:14:00","47:48:00","M",49,1,0,0,0,0,0,0,0,0,0,0,0,0,0,0,0,0,0,0,0,0,0,0,0,0,0,0,1,0,0,0,25,"Australia",2868,3314,2535
"179",197.790798572633,132.07891310014,84.2886198046417,214.845448326621,-36.8,5.625,-8.5,139.166666666667,-107,20,-11.5,74,17.0546497539875,"Matt Bailey",23,"43:58:00","59:27:00","48:12:00","M",45,0,0,0,0,0,0,0,0,0,0,0,0,1,0,0,0,0,0,0,0,0,0,0,0,0,0,0,1,0,0,0,25,"New Zealand",2892,3567,2638
"180",83.2466215530696,218.940794345347,71.9995039665453,74.7941619825148,36,21.25,-3.75,60.8333333333333,30,-12.5,-2.5,35,-8.45245957055481,"Peter Kjeldmann",22,"42:00:00","54:30:00","48:53:00","M",39,0,0,0,0,1,0,0,0,0,0,0,0,0,0,0,0,0,0,0,0,0,0,0,0,0,1,0,0,0,0,0,25,"Denmark",2933,3270,2520
"181",133.182956867611,109.424468404988,36.0334665871286,155.299280959915,17.8,11.5,-14.125,85.6666666666667,52,24.5,-18,22.5,22.1163240923039,"Kieth Lane",17,"46:07:00","57:06:00","49:03:00","M",44,0,0,0,0,0,0,0,0,0,1,0,0,0,0,0,0,0,0,0,0,0,0,0,0,0,0,1,0,0,0,0,25,"Ireland",2943,3426,2767
"182",65.7365955918011,45.8707423092324,69.9498544877482,139.820956941368,31.4,14.125,1.125,27.5,55,33,25,8.5,74.0843613495673,"Louise Smart",17,"45:54:00","54:32:00","49:10:00","F",41,0,0,0,0,0,0,0,0,0,1,0,0,0,0,0,0,0,0,0,0,0,0,0,0,0,0,1,0,0,0,0,25,"Ireland",2950,3272,2754
"183",100.15837458745,130.32480029307,87.6289865610363,178.230188239815,-9.2,-16.625,-28.375,45,-58,-43,-25.5,-24.5,78.0718136523651,"Till Winkler",8,"46:05:00","53:14:00","49:38:00","M",43,0,0,0,0,0,0,0,0,0,0,0,0,0,0,0,0,0,1,0,0,0,0,0,0,0,0,1,0,0,0,0,25,"Switzerland",2978,3194,2765
"184",95.7585505320543,139.379171942685,169.833531940629,101.346928912523,15.8,-6.375,17,56,3,13,36.5,69.5,5.58837838046874,"Erik Drollinger",18,"46:03:00","56:59:00","50:05:00","M",53,0,0,0,0,0,0,0,1,0,0,0,0,0,0,0,0,0,0,0,0,0,0,0,0,0,0,0,0,1,0,0,25,"Germany",3005,3419,2763
"185",53.5116809678037,54.271802728752,55.6802093592123,173.317915981009,30,0,-4.5,61.5,38,13.5,-2.5,24,119.806235013205,"Luis de Andrés Santos",33,"48:08:00","56:32:00","50:06:00","M",37,0,0,0,0,0,0,0,0,0,0,0,0,0,0,0,1,0,0,0,0,0,0,0,0,0,1,0,0,0,0,0,25,"Spain",3006,3392,2888
"186",65.9568040462847,67.0793772864869,41.3104535369508,66.4981202741852,27.4,-1.25,5.625,32,53,14,13,32.5,0.541316227900481,"Andy Persson",17,"51:25:00","56:16:00","52:40:00","M",45,0,0,0,0,0,0,0,0,0,0,0,0,0,0,0,0,0,0,0,1,0,0,0,0,0,0,0,1,0,0,0,25,"United Kingdom",3160,3376,3085
"187",141.008155792493,51.3946564759967,50.1711356971601,107.049054176111,-29.6,12.375,-16.5,25,-19,8,2.5,59,-33.9591016163818,"Viktor Hrebelskyi ",11,"39:45:00","45:58:00","42:18:00","M",37,0,0,0,0,0,0,0,0,0,0,0,0,0,0,0,0,0,0,1,0,0,0,0,0,0,1,0,0,0,0,0,24,"Ukraine",2538,2758,2385
"188",143.697599144871,149.739714647976,256.565189432572,178.710660006615,29,-10.375,61.625,-5,1,-9,46,-19,35.0130608617443,"Patrick George",18,"37:05:00","53:19:00","44:14:00","M",35,0,0,0,0,0,0,0,1,0,0,0,0,0,0,0,0,0,0,0,0,0,0,0,0,0,1,0,0,0,0,0,24,"Germany",2654,3199,2225
"189",389.382202983136,436.421486966114,348.851585307317,441.105202871152,-151,41,-8.5,-11.6,-44,-17,-47,-70,51.722999888016,"Dave Proctor",15,"34:46:00","49:10:00","44:42:00","M",39,0,0,0,1,0,0,0,0,0,0,0,0,0,0,0,0,0,0,0,0,0,0,0,0,0,1,0,0,0,0,0,24,"Canada",2682,2950,2086
"190",77.8992939634243,56.8655996941159,65.9344912989942,71.5891053163818,-6.6,5.375,12.25,95,21,10,19.5,111,-6.31018864704258,"Guy Schweitzer",22,"43:08:00","52:32:00","46:03:00","M",45,1,0,0,0,0,0,0,0,0,0,0,0,0,0,0,0,0,0,0,0,0,0,0,0,0,0,0,1,0,0,0,24,"Australia",2763,3152,2588
"191",96.9365772038605,220.738654456868,132.436507698703,50.6557005676558,-43.2,62.125,17,13,13,-0.5,8,11,-46.2808766362047,"Valeriy Regetsiy",13,"40:52:00","50:40:00","46:17:00","M",42,0,0,0,0,0,0,0,0,0,0,0,0,0,1,0,0,0,0,0,0,0,0,0,0,0,0,1,0,0,0,0,24,"Russia",2777,3040,2452
"192",52.9291979912789,66.1529612769851,93.9129536173943,25.5284155403347,-4,11.75,-6.75,9.2,-2,3,9.5,18,-27.4007824509442,"Verónica Romero Rivero",33,"45:41:00","49:24:00","47:11:00","F",45,0,0,0,0,0,0,0,0,0,0,0,0,0,0,0,1,0,0,0,0,0,0,0,0,0,0,0,1,0,0,0,24,"Spain",2831,2964,2741
"193",74.6109911474174,39.4368844756131,111.300028879473,238.145963644148,-36.4,-7.125,-29.375,33,-61,-4.5,-38,-9,163.534972496731,"Greg Ponych",22,"43:29:00","50:16:00","47:17:00","M",54,1,0,0,0,0,0,0,0,0,0,0,0,0,0,0,0,0,0,0,0,0,0,0,0,0,0,0,0,1,0,0,24,"Australia",2837,3016,2609
"194",206.0516925434,86.7949142683898,120.087988575044,220.550447743821,77.6,-11.25,-31.625,124,26,3.5,22.5,190,14.4987552004208,"Florencio Quimare",36,"40:34:00","56:50:00","47:53:00","M",35,0,0,0,0,0,0,0,0,0,0,0,1,0,0,0,0,0,0,0,0,0,0,0,0,0,1,0,0,0,0,0,24,"Mexico",2873,3410,2434
"195",79.3725393319377,53.411475492498,61.66948191772,103.862890389205,30,-1.25,-5.625,90,0,-9.5,7.5,90,24.4903510572672,"Jesper Valbak",22,"45:30:00","55:05:00","48:36:00","M",43,0,0,0,0,1,0,0,0,0,0,0,0,0,0,0,0,0,0,0,0,0,0,0,0,0,0,1,0,0,0,0,24,"Denmark",2916,3305,2730
"196",23.7234061635339,55.7953851138246,57.1212682432234,98.4444005517835,-38.6,5.625,11.375,99.4,-39,3,15.5,116,74.7209943882496,"Natalie Dau",16,"45:53:00","56:11:00","48:37:00","F",48,0,0,0,0,0,0,0,0,0,0,0,0,0,0,1,0,0,0,0,0,0,0,0,0,0,0,0,1,0,0,0,24,"Singapore",2917,3371,2753
"197",340.337773395784,172.246293760666,136.050870212999,129.393585621545,53.6,0.75,30.125,55.8,-57,-26,-22.5,7,-210.944187774239,"Valerii Shypunov ",11,"43:53:00","54:42:00","49:12:00","M",31,0,0,0,0,0,0,0,0,0,0,0,0,0,0,0,0,0,0,1,0,0,0,0,0,1,0,0,0,0,0,0,24,"Ukraine",2952,3282,2633
"198",125.563927941109,69.3313730263168,133.175434778984,174.663104289372,3.4,-6.625,-18.625,36.8,-51,2,-8,-16,49.0991763482629,"Johannes Stimpfle",8,"45:15:00","52:49:00","49:37:00","M",33,0,0,0,0,0,0,0,0,0,0,0,0,0,0,0,0,0,1,0,0,0,0,0,0,1,0,0,0,0,0,0,24,"Switzerland",2977,3169,2715
"199",197.173781218498,175.030558556417,17.2331698435646,137.572889771205,-40,6.625,2.125,29.6,-32,12,3.5,24,-59.6008914472932,"Cam Munro",22,"44:20:00","54:32:00","49:44:00","M",39,1,0,0,0,0,0,0,0,0,0,0,0,0,0,0,0,0,0,0,0,0,0,0,0,0,1,0,0,0,0,0,24,"Australia",2984,3272,2660
"200",78.6841788417468,152.743482442203,307.008957524044,109.702780274704,11.2,-108.5,5.75,19.8,-7,-50,-22,35,31.0186014329572,"Joe Fejes",32,"40:37:00","57:13:00","51:21:00","M",54,0,0,0,0,0,0,0,0,0,0,0,0,0,0,0,0,0,0,0,0,1,0,0,0,0,0,0,0,1,0,0,24,"United States",3081,3433,2437
"201",68.4930653424126,153.213203459381,171.802835499634,148.834807756788,40.6,-43,-18.75,78.4,33,2,-26.5,52,80.3417424143753,"Nick Lister",17,"46:47:00","57:02:00","51:40:00","M",37,0,0,0,0,0,0,0,0,0,0,0,0,0,0,0,0,0,0,0,1,0,0,0,0,0,1,0,0,0,0,0,24,"United Kingdom",3100,3422,2807
"202",31.6622803979751,50.2648343419987,73.2323845225399,112.292920524849,32,14.625,26.875,5.8,39,6.5,21,-16,80.6306401268736,"Lisa Amundsson",14,"48:01:00","55:26:00","51:57:00","F",60,0,0,0,0,0,0,0,0,0,0,0,0,0,0,0,0,0,0,0,0,0,0,0,0,0,0,0,0,0,0,1,24,"Sweden",3117,3326,2881
"203",149.778169303807,159.713806541576,133.680589466085,185.714296703296,27,-39.25,50.75,7.4,7,-4.5,48.5,46,35.936127399489,"Chris Powell",32,"47:27:00","56:40:00","52:05:00","M",36,0,0,0,0,0,0,0,0,0,0,0,0,0,0,0,0,0,0,0,0,1,0,0,0,0,1,0,0,0,0,0,24,"United States",3125,3400,2847
"204",234.54274663694,143.74854036526,85.9297886150581,119.14193216496,63.6,-12.75,17.25,57.6,56,17.5,27.5,69,-115.40081447198,"Stefan Knoche",8,"49:05:00","55:49:00","52:26:00","M",54,0,0,0,0,0,0,0,0,0,0,0,0,0,0,0,0,0,1,0,0,0,0,0,0,0,0,0,0,1,0,0,24,"Switzerland",3146,3349,2945
"205",134.151034285987,45.5560878791972,53.6321798390268,95.292706961236,-16,1.75,-2.125,53.2,19,6.5,-5.5,23,-38.8583273247508,"Ben Swee",16,"52:00:00","58:01:00","54:17:00","M",44,0,0,0,0,0,0,0,0,0,0,0,0,0,0,1,0,0,0,0,0,0,0,0,0,0,0,1,0,0,0,0,24,"Singapore",3257,3481,3120
"206",66.5785250662704,58.1377674149945,83.4735843588514,68.9963767164624,34.8,19.5,14.125,-18,54,38.5,-3.5,-30,2.41785165019201,"Landresse Christian",14,"50:23:00","58:18:00","54:43:00","M",51,0,0,1,0,0,0,0,0,0,0,0,0,0,0,0,0,0,0,0,0,0,0,0,0,0,0,0,0,1,0,0,24,"Belgium",3283,3498,3023
"207",66.3528447016403,166.188146388363,93.6336897550388,50.216199245529,-41.8,21.75,9.125,79.5,-33,5,37,90,-16.1366454561113,"Chris Bisley ",23,"40:30:00","50:18:00","45:49:00","M",40,0,0,0,0,0,0,0,0,0,0,0,0,1,0,0,0,0,0,0,0,0,0,0,0,0,0,1,0,0,0,0,23,"New Zealand",2749,3018,2430
"208",215.403806837298,202.458064440868,221.613200676958,494.860502229332,80.6,-20.875,-15.875,163.75,30,6,24.5,14.5,279.456695392034,"Santiago Ramirez",36,"40:10:00","58:00:00","47:02:00","M",40,0,0,0,0,0,0,0,0,0,0,0,1,0,0,0,0,0,0,0,0,0,0,0,0,0,0,1,0,0,0,0,23,"Mexico",2822,3480,2410
"209",54.5637242130704,43.8332880680556,83.4227615393853,137.131020074477,-32.8,-10.25,-11.25,110.25,-60,-18.5,-42.5,131.5,82.5672958614068,"Joshua Toh",16,"47:43:00","56:19:00","50:03:00","M",43,0,0,0,0,0,0,0,0,0,0,0,0,0,0,1,0,0,0,0,0,0,0,0,0,0,0,1,0,0,0,0,23,"Singapore",3003,3379,2863
"210",61.8934568431914,104.540405722244,64.6065012208524,239.191694393151,-32.6,20.875,3,94,-20,9.5,-5,49.5,177.29823754996,"Katie Wright",23,"47:55:00","57:06:00","51:33:00","F",35,0,0,0,0,0,0,0,0,0,0,0,0,1,0,0,0,0,0,0,0,0,0,0,0,0,1,0,0,0,0,0,23,"New Zealand",3093,3426,2875
"211",110.104495821015,93.6367411100701,66.067065493006,486.504196624586,23,17.875,-7.5,-3.66666666666667,24,13.5,1,-6,376.39970080357,"Frank Goetze",18,"40:13:00","50:52:00","47:13:00","M",56,0,0,0,0,0,0,0,1,0,0,0,0,0,0,0,0,0,0,0,0,0,0,0,0,0,0,0,0,0,1,0,22,"Germany",2833,3052,2413
"212",298.920223471079,126.391398893618,163.516654896593,335.946920410551,-5.4,60.25,61.375,38.6666666666667,-163,69.5,43,-34,37.026696939472,"Mick Thwaites",22,"40:33:00","55:20:00","47:26:00","M",46,1,0,0,0,0,0,0,0,0,0,0,0,0,0,0,0,0,0,0,0,0,0,0,0,0,0,0,1,0,0,0,22,"Australia",2846,3320,2433
"213",451.605137260417,608.452134518402,178.85543843323,32.1869538788622,59.2,-7.5,18.125,-7,125,-1.5,47,-3,-419.418183381555,"Shane Brady",17,"35:21:00","52:41:00","47:27:00","M",37,0,0,0,0,0,0,0,0,0,1,0,0,0,0,0,0,0,0,0,0,0,0,0,0,0,1,0,0,0,0,0,22,"Ireland",2847,3161,2121
"214",253.122104921716,70.5589925422085,256.749148002481,289.06977243104,59.4,-11.5,50.125,293.666666666667,208,7.5,17.5,301,35.9476675093245,"Arnulfo Quimare Gutierrez",36,"41:55:00","58:01:00","47:51:00","M",30,0,0,0,0,0,0,0,0,0,0,0,1,0,0,0,0,0,0,0,0,0,0,0,0,1,0,0,0,0,0,0,22,"Mexico",2871,3481,2515
"215",281.406822945003,150.821026859179,203.678273965866,295.351203372076,68.6,-19.125,4.375,5.66666666666667,147,42.5,-17.5,149,13.9443804270733,"Rene Bonn",18,"40:05:00","56:29:00","48:51:00","M",29,0,0,0,0,0,0,0,1,0,0,0,0,0,0,0,0,0,0,0,0,0,0,0,1,0,0,0,0,0,0,0,22,"Germany",2931,3389,2405
"216",122.919892613035,91.6046435192328,131.444651578417,166.880196548302,-24.4,-0.375,8.625,97,-2,1.5,25.5,84,43.9603039352675,"Basilia Förster",8,"46:57:00","55:00:00","49:48:00","F",40,0,0,0,0,0,0,0,0,0,0,0,0,0,0,0,0,0,1,0,0,0,0,0,0,0,0,1,0,0,0,0,22,"Switzerland",2988,3300,2817
"217",102.507072926701,41.9319176080192,146.286350793816,269.052659034125,9.8,41.5,1.625,142.666666666667,2,42.5,54,96,166.545586107424,"Oleg Levandovskiy",13,"44:16:00","58:40:00","50:30:00","M",33,0,0,0,0,0,0,0,0,0,0,0,0,0,1,0,0,0,0,0,0,0,0,0,0,1,0,0,0,0,0,0,22,"Russia",3030,3520,2656
"218",43.0081387646571,68.7395446595335,65.7960865097614,171.570199432574,-36.2,-6.375,42.375,83.6666666666667,-45,1.5,17,171,128.562060667917,"Ned Phillips",16,"48:19:00","55:18:00","50:37:00","M",53,0,0,0,0,0,0,0,0,0,0,0,0,0,0,1,0,0,0,0,0,0,0,0,0,0,0,0,0,1,0,0,22,"Singapore",3037,3318,2899
"219",63.0634601017102,81.3606389566145,41.0467938542621,100.808399120973,10,33.125,-8.375,117.666666666667,-10,9.5,-7.5,63,37.7449390192625,"Mike Field",23,"47:10:00","56:48:00","50:56:00","M",46,0,0,0,0,0,0,0,0,0,0,0,0,1,0,0,0,0,0,0,0,0,0,0,0,0,0,0,1,0,0,0,22,"New Zealand",3056,3408,2830
"220",86.1202647464579,147.100488005406,206.542109162134,456.013157704907,-1.2,13.625,11.75,-4,-42,-19.5,61,0,369.892892958449,"Terri Biloski",15,"46:15:00","59:33:00","51:51:00","F",44,0,0,0,1,0,0,0,0,0,0,0,0,0,0,0,0,0,0,0,0,0,0,0,0,0,0,1,0,0,0,0,22,"Canada",3111,3573,2775
"221",69.935088951589,62.7978616560423,89.7902317308833,134.698923529477,48.25,16.2857142857143,44.4285714285714,61.6,70.5,4,41,45,64.7638345778884,"Jodie Oborne",22,"41:42:00","54:34:00","46:46:00","F",49,1,0,0,0,0,0,0,0,0,0,0,0,0,0,0,0,0,0,0,0,0,0,0,0,0,0,0,1,0,0,0,21,"Australia",2806,3274,2502
"222",456.894955104562,182.700900511243,298.319659170526,262.346526563627,140.5,74.4285714285714,-22.5714285714286,79.2,102,42,-21,-27,-194.548428540935,"KARTIK JOSHI ",20,"39:39:00","51:48:00","47:38:00","M",19,0,0,0,0,0,0,0,0,1,0,0,0,0,0,0,0,0,0,0,0,0,1,0,0,0,0,0,0,0,0,0,21,"India",2858,3108,2379
"223",22.5296101460574,59.4782873548547,86.867715521936,97.8406868332393,49.75,54,8,31.6,52,62,-5,76,75.3110766871818,"Tanja Hoeschele",18,"42:44:00","53:07:00","48:41:00","F",49,0,0,0,0,0,0,0,1,0,0,0,0,0,0,0,0,0,0,0,0,0,0,0,0,0,0,0,1,0,0,0,21,"Germany",2921,3187,2564
"224",195.314276658586,56.2993698687565,137.771204400284,274.567842253968,41.5,-16.4285714285714,-16.2857142857143,0,-7,-14,-21,-79,79.2535655953823,"Igor Lavnik",NA,"43:41:00","52:29:00","49:35:00","M",37,0,1,0,0,0,0,0,0,0,0,0,0,0,0,0,0,0,0,0,0,0,0,0,0,0,1,0,0,0,0,0,21,"Belarus",2975,3149,2621
"225",88.6354895061792,118.372092914472,115.734507345373,235.477812118255,-56.25,6.42857142857143,6.14285714285714,17.4,-37.5,-11,0,39,146.842322612075,"Alex Ang",16,"46:36:00","55:34:00","50:14:00","M",47,0,0,0,0,0,0,0,0,0,0,0,0,0,0,1,0,0,0,0,0,0,0,0,0,0,0,0,1,0,0,0,21,"Singapore",3014,3334,2796
"226",90.4157066001256,92.7764851159829,124.41845675362,197.952772145277,-7.5,9.85714285714286,26.4285714285714,-30.4,-30,-11,73,-45,107.537065545152,"Melissa Loke",16,"47:05:00","54:02:00","50:18:00","F",37,0,0,0,0,0,0,0,0,0,0,0,0,0,0,1,0,0,0,0,0,0,0,0,0,0,1,0,0,0,0,0,21,"Singapore",3018,3242,2825
"227",90,53.8419202940644,51.0601885733186,105.510662968252,45,23.5714285714286,42.8571428571429,28,0,15,55,40,15.5106629682517,"Anna Søgaard Hanusova",22,"44:00:00","56:10:00","50:32:00","F",38,0,0,0,0,1,0,0,0,0,0,0,0,0,0,0,0,0,0,0,0,0,0,0,0,0,1,0,0,0,0,0,21,"Denmark",3032,3370,2640
"228",58.5227875845526,57.0142004032245,50.1060779508739,58.0344725141876,-27.25,7.57142857142857,-6.42857142857143,-31,-27,-10,17,-29,-0.48831507036499,"Ihor Sakhanda ",11,"40:31:00","43:25:00","42:12:00","M",52,0,0,0,0,0,0,0,0,0,0,0,0,0,0,0,0,0,0,1,0,0,0,0,0,0,0,0,0,1,0,0,20,"Ukraine",2532,2605,2431
"229",228.000548244955,202.692471728079,380.48740671232,972.201625178646,142.75,70.7142857142857,17,246,162.5,49,24,413,744.201076933691,"GHANSHYAM SUDANI",20,"35:36:00","56:20:00","46:47:00","M",24,0,0,0,0,0,0,0,0,1,0,0,0,0,0,0,0,0,0,0,0,0,0,1,0,0,0,0,0,0,0,0,20,"India",2807,3380,2136
"230",92.7626900572998,101.602868350962,40.2551386841008,140.827021554814,-44.25,19.8571428571429,21.1428571428571,28.75,-55.5,-13,27,66.5,48.064331497514,"Ian Evans",23,"42:00:00","52:35:00","46:59:00","M",39,0,0,0,0,0,0,0,0,0,0,0,0,1,0,0,0,0,0,0,0,0,0,0,0,0,1,0,0,0,0,0,20,"New Zealand",2819,3155,2520
"231",27.3906918496047,70.2566722810012,71.5634916234062,21.6082545955629,-38.75,-15,-5,-13.75,-47.5,-38,10,-12.5,-5.78243725404174,"Sue Corser",16,"45:53:00","50:00:00","47:41:00","F",46,0,0,0,0,0,0,0,0,0,0,0,0,0,0,1,0,0,0,0,0,0,0,0,0,0,0,0,1,0,0,0,20,"Singapore",2861,3000,2753
"232",302.890931965067,208.488094898212,52.1472274750378,151.193033349203,-61.25,-21.4285714285714,24,103,-43.5,-6,42,53.5,-151.697898615863,"Andrew McDowall",23,"42:28:00","56:52:00","48:20:00","M",42,0,0,0,0,0,0,0,0,0,0,0,0,1,0,0,0,0,0,0,0,0,0,0,0,0,0,1,0,0,0,0,20,"New Zealand",2900,3412,2548
"233",45.4046620220141,254.42577737029,160.675508549433,39.6694676882192,-82.25,79.8571428571429,93.5714285714286,31.5,-74.5,-40,87,22,-5.73519433379495,"Michael Stuart",23,"35:45:00","59:52:00","48:38:00","M",39,0,0,0,0,0,0,0,0,0,0,0,0,1,0,0,0,0,0,0,0,0,0,0,0,0,1,0,0,0,0,0,20,"New Zealand",2918,3592,2145
"234",72.6653287338604,195.159519612132,82.5772365727989,71.8070330817254,-29.75,-0.285714285714286,23,86.25,0.5,-42,33,60,-0.858295652135055,"Glenn Kelly ",23,"43:52:00","57:50:00","50:21:00","M",47,0,0,0,0,0,0,0,0,0,0,0,0,1,0,0,0,0,0,0,0,0,0,0,0,0,0,0,1,0,0,0,20,"New Zealand",3021,3470,2632
"235",116.917349724781,74.4823405084658,73.5089887603647,131.85440202486,-7.5,1.42857142857143,45.7142857142857,43.25,2,-5,25,-8.5,14.9370523000791,"Jussi Lehtonen",23,"46:50:00","59:00:00","51:15:00","M",47,0,0,0,0,0,1,0,0,0,0,0,0,0,0,0,0,0,0,0,0,0,0,0,0,0,0,0,1,0,0,0,20,"Finland",3075,3540,2810
"236",60.7419404804731,31.9732030657817,90.8688222502243,58.2809288418318,26.25,26.4285714285714,52.8571428571429,49,15,28,75,61.5,-2.46101163864124,"Sointu Hyttinen",23,"46:00:00","58:26:00","51:41:00","F",59,0,0,0,0,0,1,0,0,0,0,0,0,0,0,0,0,0,0,0,0,0,0,0,0,0,0,0,0,0,1,0,20,"Finland",3101,3506,2760
"237",191.249183004791,69.2332152600043,129.397136937488,110.228550445578,-105.25,18.7142857142857,14.4285714285714,47.6666666666667,-39.5,32,43,93,-81.0206325592129,"Terumichi MORISHITA",16,"43:35:00","51:40:00","47:46:00","M",40,0,0,0,0,0,0,0,0,0,0,1,0,0,0,0,0,0,0,0,0,0,0,0,0,0,0,1,0,0,0,0,19,"Japan",2866,3100,2615
"238",134.730286127507,186.273863923397,189.769158013976,86.8581218616505,-28.25,44.5714285714286,30,136.333333333333,-9,46,28,154,-47.8721642658568,"TARANG WADHWANI",20,"45:41:00","55:18:00","49:18:00","M",36,0,0,0,0,0,0,0,0,1,0,0,0,0,0,0,0,0,0,0,0,0,0,0,0,0,1,0,0,0,0,0,19,"India",2958,3318,2741
"239",49.749371855331,65.7292426042879,96.2781189600014,23.629078131263,-52.5,-7,-2.14285714285714,48.6666666666667,-37.5,-11,-9,57,-26.120293724068,"Shorne Lim",16,"47:28:00","53:00:00","49:52:00","M",44,0,0,0,0,0,0,0,0,0,0,0,0,0,0,1,0,0,0,0,0,0,0,0,0,0,0,1,0,0,0,0,19,"Singapore",2992,3180,2848
"240",59.1382560897202,67.4667819498356,50.0256600822684,43.4603267360014,-7.66666666666667,-16.1666666666667,34.8333333333333,82.4,-21,-14,23,71,-15.6779293537188,"Suzanne Chatterton",22,"41:19:00","51:15:00","44:13:00","F",49,1,0,0,0,0,0,0,0,0,0,0,0,0,0,0,0,0,0,0,0,0,0,0,0,0,0,0,1,0,0,0,18,"Australia",2653,3075,2479
"241",179.070749519103,179.137563527772,161.835307231354,158.027845647531,61.3333333333333,91.3333333333333,14.3333333333333,23.6,-23,35,11.5,-25,-21.0429038715716,"SATHISH KUMAR",20,"36:25:00","52:01:00","45:38:00","M",30,0,0,0,0,0,0,0,0,1,0,0,0,0,0,0,0,0,0,0,0,0,0,0,0,1,0,0,0,0,0,0,18,"India",2738,3121,2185
"242",51.4716750585536,150.035218087843,94.6206460909387,221.833946906239,65.6666666666667,-0.833333333333333,1.66666666666667,109.6,39,-52.5,-5,60,170.362271847685,"Igor Kraev",13,"44:15:00","56:28:00","48:10:00","M",56,0,0,0,0,0,0,0,0,0,0,0,0,0,1,0,0,0,0,0,0,0,0,0,0,0,0,0,0,0,1,0,18,"Russia",2890,3388,2655
"243",274.084536837329,243.252475150134,281.828079982579,84.8545814909248,23.6666666666667,130.833333333333,-78.3333333333333,35.4,144,66,25.5,33,-189.229955346404,"Dmitry Demchuk",13,"43:10:00","56:46:00","48:29:00","M",40,0,0,0,0,0,0,0,0,0,0,0,0,0,1,0,0,0,0,0,0,0,0,0,0,0,0,1,0,0,0,0,18,"Russia",2909,3406,2590
"244",29.484459183328,185.190442517966,75.8841221863968,98.3681859139427,13.3333333333333,-21.5,17,96.6,24,0,-11,75,68.8837267306148,"Manuel Schmid",8,"43:55:00","58:01:00","49:22:00","M",40,0,0,0,0,0,0,0,0,0,0,0,0,0,0,0,0,0,1,0,0,0,0,0,0,0,0,1,0,0,0,0,18,"Switzerland",2962,3481,2635
"245",263,68.5876568098566,138.501504203625,98.1208438610268,60,-13.6666666666667,12.6666666666667,67.8,60,-8.5,62,91,-164.879156138973,"Michael Kaufmann",8,"48:44:00","56:53:00","51:53:00","M",52,0,0,0,0,0,0,0,0,0,0,0,0,0,0,0,0,0,1,0,0,0,0,0,0,0,0,0,0,1,0,0,18,"Switzerland",3113,3413,2924
"246",65.615038926555,37.9104207309811,43.9063397092796,44.6575861416624,-44.6666666666667,12,-0.833333333333333,71.6,-14,15.5,-5.5,80,-20.9574527848926,"Lim Kay Kiat",16,"50:00:00","56:52:00","52:13:00","M",47,0,0,0,0,0,0,0,0,0,0,0,0,0,0,1,0,0,0,0,0,0,0,0,0,0,0,0,1,0,0,0,18,"Singapore",3133,3412,3000
"247",40.4516171905813,51.717501873157,39.4191154982791,30.2489669245083,9.66666666666667,-1.5,37.3333333333333,67.5,24,-5.5,38,65,-10.202650266073,"Lisa Spink",22,"45:41:00","52:58:00","47:54:00","F",42,1,0,0,0,0,0,0,0,0,0,0,0,0,0,0,0,0,0,0,0,0,0,0,0,0,0,1,0,0,0,0,17,"Australia",2874,3178,2741
"248",58.045958802774,65.1441990254441,73.7222264087749,107.772522781397,-33.3333333333333,35.1666666666667,10.1666666666667,21.75,-46,24,-1.5,18,49.7265639786227,"Kerrie Bremner",22,"48:05:00","56:18:00","51:41:00","F",54,1,0,0,0,0,0,0,0,0,0,0,0,0,0,0,0,0,0,0,0,0,0,0,0,0,0,0,0,1,0,0,17,"Australia",3101,3378,2885
"249",238.361769865332,246.349074824053,67.0273575987198,273.236771561467,59.6666666666667,9.33333333333333,26.3333333333333,68.3333333333333,-36,11.5,21,-45,34.8750016961354,"Alexey Dyuzhakov",13,"43:10:00","53:00:00","47:05:00","M",38,0,0,0,0,0,0,0,0,0,0,0,0,0,1,0,0,0,0,0,0,0,0,0,0,0,1,0,0,0,0,0,16,"Russia",2825,3180,2590
"250",144.500288350347,106.282642044691,95.1204499568836,131.500316856399,-16.3333333333333,30,18.5,58.6666666666667,-44,31,24,2,-12.9999714939477,"Gillian Connolly",17,"47:52:00","55:10:00","50:41:00","F",46,0,0,0,0,0,0,0,0,0,0,0,0,0,0,0,0,0,0,0,1,0,0,0,0,0,0,0,1,0,0,0,16,"United Kingdom",3041,3310,2872
"251",54.6382039724343,41.7057150360315,71.3909424693824,200.754410495345,-44.6666666666667,9.16666666666667,-22.3333333333333,111.666666666667,-60,8,-38,100,146.11620652291,"Low Weng Hoe",16,"47:55:00","54:53:00","51:06:00","M",44,0,0,0,0,0,0,0,0,0,0,0,0,0,0,1,0,0,0,0,0,0,0,0,0,0,0,1,0,0,0,0,16,"Singapore",3066,3293,2875
"252",57.8734251045619,149.589660961801,110.011666048045,48.4974226119286,-26.6666666666667,35.6666666666667,48.8333333333333,30,-56,15,52,22,-9.37600249263332,"Damien Wood ",23,"46:22:00","57:34:00","51:20:00","M",44,0,0,0,0,0,0,0,0,0,0,0,0,1,0,0,0,0,0,0,0,0,0,0,0,0,0,1,0,0,0,0,16,"New Zealand",3080,3454,2782
"253",45.3688586293873,51.6284805122134,173.315223412909,129.585235784534,36.3333333333333,33.5,-50.1666666666667,105.666666666667,43,38.5,1.5,129,84.2163771551469,"Phillip McCarthy",32,"50:00:00","57:11:00","53:17:00","M",52,0,0,0,0,0,0,0,0,0,0,0,0,0,0,0,0,0,0,0,0,1,0,0,0,0,0,0,0,1,0,0,16,"United States",3197,3431,3000
"254",296.169433489233,116.249157703042,65.9052349969257,202.643364888499,7.33333333333333,45.3333333333333,-23.5,83.6666666666667,61,16,-8.5,171,-93.5260686007342,"Pernilla Otto",14,"51:31:00","59:50:00","55:43:00","F",52,0,0,0,0,0,0,0,0,0,0,0,0,0,0,0,0,0,0,0,0,0,0,0,0,0,0,0,0,1,0,0,16,"Sweden",3343,3590,3091
"255",99.694533450937,70.4540039079871,109.305840039161,24.0416305603426,42,36.1666666666667,66.1666666666667,22,95,26,34.5,22,-75.6529028905944,"Alyona Zyuzina",NA,"38:56:00","47:36:00","42:29:00","F",41,0,1,0,0,0,0,0,0,0,0,0,0,0,0,0,0,0,0,0,0,0,0,0,0,0,0,1,0,0,0,0,15,"Belarus",2549,2856,2336
"256",125.878248054751,125.293921108195,70.8333725490088,323.147799002252,50.6666666666667,-0.833333333333333,74.8333333333333,253.5,-20,-38,64,253.5,197.269550947502,"Susannah Harvey-Jamieson",22,"39:11:00","54:42:00","43:22:00","F",47,1,0,0,0,0,0,0,0,0,0,0,0,0,0,0,0,0,0,0,0,0,0,0,0,0,0,0,1,0,0,0,15,"Australia",2602,3282,2351
"257",452.462521468169,285.740733299729,319.481872203521,639.224530192639,73.6666666666667,92.1666666666667,-37.3333333333333,-8,-76,58,63.5,-8,186.76200872447,"PANKAJ PARDESHI",20,"31:06:00","51:11:00","43:23:00","M",27,0,0,0,0,0,0,0,0,1,0,0,0,0,0,0,0,0,0,0,0,0,0,0,1,0,0,0,0,0,0,0,15,"India",2603,3071,1866
"258",33.9754813554324,59.7193435998756,111.059293472751,521.137697734486,7.33333333333333,-31,-4.83333333333333,300.5,-2,-11.5,-17.5,300.5,487.162216379053,"Oleksandr Shymanskyi ",11,"43:19:00","56:25:00","46:09:00","M",43,0,0,0,0,0,0,0,0,0,0,0,0,0,0,0,0,0,0,1,0,0,0,0,0,0,0,1,0,0,0,0,15,"Ukraine",2769,3385,2599
"259",150.997792478345,108.670143093676,210.818168097534,542.350901170082,123.333333333333,28,-37.5,106.5,208,8.5,-54.5,106.5,391.353108691737,"SANJAY MUKATI",20,"39:19:00","52:36:00","47:08:00","M",29,0,0,0,0,0,0,0,0,1,0,0,0,0,0,0,0,0,0,0,0,0,0,0,1,0,0,0,0,0,0,0,15,"India",2828,3156,2359
"260",281.57828988282,88.7838198472372,69.2983886296548,436.991990773286,163.666666666667,-23.1666666666667,18.6666666666667,236,156,0,9,236,155.413700890467,"Enrique Moreno",36,"40:20:00","58:00:00","48:26:00","M",39,0,0,0,0,0,0,0,0,0,0,0,1,0,0,0,0,0,0,0,0,0,0,0,0,0,1,0,0,0,0,0,15,"Mexico",2906,3480,2420
"261",387.443329189358,217.315132162182,106.125868665467,125.157900270019,5.33333333333333,39.3333333333333,52.5,73.5,69,-58,22.5,73.5,-262.285428919339,"Russ Thomas ",23,"42:45:00","55:00:00","48:52:00","M",40,0,0,0,0,0,0,0,0,0,0,0,0,1,0,0,0,0,0,0,0,0,0,0,0,0,0,1,0,0,0,0,15,"New Zealand",2932,3300,2565
"262",96.6281532473844,66.0333249200735,65.6008130030922,210.717820793591,25,28,74.3333333333333,135,42,29.5,72.5,135,114.089667546207,"Marina Evgrafova",13,"44:16:00","59:30:00","49:24:00","F",49,0,0,0,0,0,0,0,0,0,0,0,0,0,1,0,0,0,0,0,0,0,0,0,0,0,0,0,1,0,0,0,15,"Russia",2964,3570,2656
"263",95.3939201416946,45.3008462025453,128.214533757553,205.060966544099,40,20.1666666666667,70.8333333333333,140,50,35,74,140,109.667046402404,"Jerry Fogh",22,"45:00:00","56:15:00","49:27:00","M",47,0,0,0,0,1,0,0,0,0,0,0,0,0,0,0,0,0,0,0,0,0,0,0,0,0,0,0,1,0,0,0,15,"Denmark",2967,3375,2700
"264",113.925414197184,249.920520699415,176.61672250007,247.487373415292,46,55.6666666666667,14.3333333333333,104,19,4,-36.5,104,133.561959218107,"Aleksandr Rankovskiy",13,"44:40:00","56:40:00","49:41:00","M",28,0,0,0,0,0,0,0,0,0,0,0,0,0,1,0,0,0,0,0,0,0,0,0,1,0,0,0,0,0,0,0,15,"Russia",2981,3400,2680
"265",75.4453444554401,60.5904282869828,46.0478012504397,136.471608769004,-22,-9,-4,26.5,0,0.5,-14.5,26.5,61.0262643135636,"Shu SASANO",16,"50:09:00","53:10:00","51:42:00","M",45,0,0,0,0,0,0,0,0,0,0,1,0,0,0,0,0,0,0,0,0,0,0,0,0,0,0,0,1,0,0,0,15,"Japan",3102,3190,3009
"266",198.560654041362,94.921897719476,101.233887606868,NA,-8.66666666666667,82.1666666666667,35.5,-46,-3,94.5,2.5,-46,NA,"Aliaksei Shvants",NA,"39:18:00","52:34:00","46:11:00","M",29,0,1,0,0,0,0,0,0,0,0,0,0,0,0,0,0,0,0,0,0,0,0,0,1,0,0,0,0,0,0,0,14,"Belarus",2771,3154,2358
"267",86.0949088699984,297.421586304693,109.158600210886,NA,22.6666666666667,69,39,203,18,0,60,203,NA,"Anke Warlich",18,"40:05:00","52:01:00","46:45:00","F",40,0,0,0,0,0,0,0,1,0,0,0,0,0,0,0,0,0,0,0,0,0,0,0,0,0,0,1,0,0,0,0,14,"Germany",2805,3121,2405
"268",98.8197011396682,381.289085428191,59.2612858449764,NA,-7.66666666666667,-28.8333333333333,75.5,114,7,-24,71.5,114,NA,"Kris Ryan",22,"43:34:00","56:10:00","47:08:00","F",42,1,0,0,0,0,0,0,0,0,0,0,0,0,0,0,0,0,0,0,0,0,0,0,0,0,0,1,0,0,0,0,14,"Australia",2828,3370,2614
"269",86.5813682805564,180.190639786496,93.5936251390375,NA,47.3333333333333,79.3333333333333,10.8333333333333,-18,17,49.5,18.5,-18,NA,"Mikhail Mironenko",13,"45:35:00","55:40:00","50:33:00","M",50,0,0,0,0,0,0,0,0,0,0,0,0,0,1,0,0,0,0,0,0,0,0,0,0,0,0,0,0,1,0,0,14,"Russia",3033,3340,2735
"270",61.4356031412839,103.544515386701,73.7800786120481,NA,23.3333333333333,2.33333333333333,57.5,31,45,7.5,49.5,31,NA,"Didier Da Costa",17,"47:30:00","56:12:00","51:14:00","M",47,0,0,0,0,0,0,0,0,0,1,0,0,0,0,0,0,0,0,0,0,0,0,0,0,0,0,0,1,0,0,0,14,"Ireland",3074,3372,2850
"271",28.9913780286484,31.1319771296331,65.9295078094778,47.8434948556227,-17.5,2.2,26.8,154,-17.5,-6,1,141,18.8521168269743,"Andre Rangelind",14,"43:37:00","52:07:00","45:26:00","M",29,0,0,0,0,0,0,0,0,0,0,0,0,0,0,0,0,0,0,0,0,0,0,0,1,0,0,0,0,0,0,0,13,"Sweden",2726,3127,2617
"272",13.4350288425444,121.58207104668,373.873909226092,116.820374935197,-73.5,30.2,8.2,101,-73.5,28,-32,148,103.385346092653,"Natalia Porotikova",13,"43:10:00","56:00:00","47:22:00","F",43,0,0,0,0,0,0,0,0,0,0,0,0,0,1,0,0,0,0,0,0,0,0,0,0,0,0,1,0,0,0,0,13,"Russia",2842,3360,2590
"273",151.320851173921,63.0436356819624,93.3959313888994,141.446102809515,96,12,83.4,59,96,-6,116,122,-9.87474836440578,"PEEYUSH MANJREKAR",20,"42:46:00","53:05:00","47:58:00","M",35,0,0,0,0,0,0,0,0,1,0,0,0,0,0,0,0,0,0,0,0,0,0,0,0,0,1,0,0,0,0,0,13,"India",2878,3185,2566
"274",118.086832458153,97.2687000015935,83.0078309558803,114.669089121698,58.5,17.2,22.4,113,58.5,-9,22,56,-3.41774333645509,"Kat McKeown",17,"48:36:00","59:59:00","52:50:00","F",37,0,0,0,0,0,0,0,0,0,0,0,0,0,0,0,0,0,0,0,1,0,0,0,0,0,1,0,0,0,0,0,13,"United Kingdom",3170,3599,2916
"275",132.936074863071,90.5897345177697,77.8607731787965,80.6101730552664,209,30,57.4,46,209,36,87,46,-52.3259018078045,"AMRITESH MODI",20,"39:27:00","53:07:00","48:09:00","M",36,0,0,0,0,0,0,0,0,1,0,0,0,0,0,0,0,0,0,0,0,0,0,0,0,0,1,0,0,0,0,0,12,"India",2889,3187,2367
"276",5.65685424949238,145.463741186593,76.730046266114,135.057395206631,211,49.2,58,198.5,211,-44,86,198.5,129.400540957138,"VISHNU KAMALIYA",20,"39:21:00","58:02:00","48:20:00","M",25,0,0,0,0,0,0,0,0,1,0,0,0,0,0,0,0,0,0,0,0,0,0,0,1,0,0,0,0,0,0,0,12,"India",2900,3482,2361
"277",89.8025612106915,40.0212443584654,120.21647141719,24.7487373415292,1.5,30.8,108,197.5,1.5,36,175,197.5,-65.0538238691624,"Alena Shevchuk",13,"44:28:00","59:00:00","49:09:00","F",49,0,0,0,0,0,0,0,0,0,0,0,0,0,1,0,0,0,0,0,0,0,0,0,0,0,0,0,1,0,0,0,12,"Russia",2949,3540,2668
"278",98.9949493661167,149.215280718833,107.525345849246,38.8908729652601,300,7.8,62.2,-26.5,300,-48,3,-26.5,-60.1040764008565,"Jose Rascon",36,"40:30:00","53:18:00","49:12:00","M",32,0,0,0,0,0,0,0,0,0,0,0,1,0,0,0,0,0,0,0,0,0,0,0,0,1,0,0,0,0,0,0,12,"Mexico",2952,3198,2430
"279",203.646752981726,125.859842682247,368.753711845725,152.027957955108,105,-6.2,106.6,-2.5,105,-39,105,-2.5,-51.618795026618,"Andrey Vasilenko",13,"45:31:00","56:30:00","50:52:00","M",29,0,0,0,0,0,0,0,0,0,0,0,0,0,1,0,0,0,0,0,0,0,0,0,1,0,0,0,0,0,0,0,12,"Russia",3052,3390,2731
"280",86.2670273047588,45.7077673924247,17.1084774307944,232.638131010374,-1,8.2,-9.8,167.5,-1,16,-1,167.5,146.371103705615,"Oleksandr Bendas ",11,"52:21:00","58:05:00","53:23:00","M",43,0,0,0,0,0,0,0,0,0,0,0,0,0,0,0,0,0,0,1,0,0,0,0,0,0,0,1,0,0,0,0,12,"Ukraine",3203,3485,3141
